Name,Color,Size,Storage,Selling Price,MRP,Features,Image1
"Luusa R1 Pro Tricycle for Kids - Hooded, Adjustable, and Safe",Default Title,,,499,5999,"<p><meta charset=""utf-8""><meta charset=""utf-8""><span data-mce-fragment=""1"">The Luusa R1 Pro Tricycle is the ultimate blend of fun, safety, and convenience for your child's adventures. This feature-packed tricycle comes equipped with an array of functions designed to ensure both your child's joy and your peace of mind. </span><br></p>
<p><strong>Key Features:</strong></p>
<ul>
<li>
<p><em>Hooded Tricycle</em>: The Luusa R1 Pro comes with a foldable hood, providing shade and protection from light rain during your child's rides.</p>
</li>
<li>
<p><em>Adjustable Parent Handle</em>: Customize the handle's height for a comfortable grip while pushing your child.</p>
</li>
<li>
<p><em>Plug and Play</em>: No complicated assembly is required; it's ready for play right out of the box.</p>
</li>
<li>
<p><em>Cushion Seat</em>: Ensures a comfy and enjoyable ride for your child.</p>
</li>
<li>
<p><em>Rail Guard for Safety</em>: A rail guard prevents accidental falls and adds an extra layer of safety.</p>
</li>
<li>
<p><em>Seat Belt</em>: Keep your child securely in place during their adventures.</p>
</li>
<li>
<p><em>Front and Back Baskets</em>: Convenient storage for toys, snacks, and essentials.</p>
</li>
<li>
<p><em>Adjustable Footrest</em>: Adapt the footrest to accommodate your child's growing legs.</p>
</li>
<li>
<p><em>Convertible Hood</em>: The foldable hood makes it a stroller-tricycle combo, allowing your child to face various directions.</p>
</li>
</ul>
<p>The Luusa R1 Pro Tricycle is designed to provide endless fun and safety for your child. It's a perfect blend of a stroller and a tricycle, ensuring your little one's enjoyment while keeping them protected. Order now and give your child the ultimate riding experience!</p>",https://cdn.shopify.com/s/files/1/0828/1908/8689/products/IMG_6680-PhotoRoom.png-PhotoRoom.png?v=1694514044
,,,,,,,https://cdn.shopify.com/s/files/1/0828/1908/8689/products/IMG_6683-PhotoRoom.png-PhotoRoom.png?v=1694514044
,,,,,,,https://cdn.shopify.com/s/files/1/0828/1908/8689/products/IMG_6684-PhotoRoom.png-PhotoRoom.png?v=1694514044
,,,,,,,https://cdn.shopify.com/s/files/1/0828/1908/8689/products/IMG_6692-PhotoRoom.png-PhotoRoom.png?v=1694514044
,,,,,,,https://cdn.shopify.com/s/files/1/0828/1908/8689/products/IMG_6687-PhotoRoom.png-PhotoRoom.png?v=1694514044
,,,,,,,https://cdn.shopify.com/s/files/1/0828/1908/8689/products/IMG_6695-PhotoRoom.png-PhotoRoom.png?v=1694514044
,,,,,,,https://cdn.shopify.com/s/files/1/0828/1908/8689/products/IMG_6685-PhotoRoom.png-PhotoRoom.png?v=1694514044
"Luusa R1 Pro Tricycle for Kids - Hooded, Adjustable, and Safe",Default Title,,,499,5999,"<p><meta charset=""utf-8""><meta charset=""utf-8""><span data-mce-fragment=""1"">The Luusa R1 Pro Tricycle is the ultimate blend of fun, safety, and convenience for your child's adventures. This feature-packed tricycle comes equipped with an array of functions designed to ensure both your child's joy and your peace of mind. </span><br></p>
<p><strong>Key Features:</strong></p>
<ul>
<li>
<p><em>Hooded Tricycle</em>: The Luusa R1 Pro comes with a foldable hood, providing shade and protection from light rain during your child's rides.</p>
</li>
<li>
<p><em>Adjustable Parent Handle</em>: Customize the handle's height for a comfortable grip while pushing your child.</p>
</li>
<li>
<p><em>Plug and Play</em>: No complicated assembly is required; it's ready for play right out of the box.</p>
</li>
<li>
<p><em>Cushion Seat</em>: Ensures a comfy and enjoyable ride for your child.</p>
</li>
<li>
<p><em>Rail Guard for Safety</em>: A rail guard prevents accidental falls and adds an extra layer of safety.</p>
</li>
<li>
<p><em>Seat Belt</em>: Keep your child securely in place during their adventures.</p>
</li>
<li>
<p><em>Front and Back Baskets</em>: Convenient storage for toys, snacks, and essentials.</p>
</li>
<li>
<p><em>Adjustable Footrest</em>: Adapt the footrest to accommodate your child's growing legs.</p>
</li>
<li>
<p><em>Convertible Hood</em>: The foldable hood makes it a stroller-tricycle combo, allowing your child to face various directions.</p>
</li>
</ul>
<p>The Luusa R1 Pro Tricycle is designed to provide endless fun and safety for your child. It's a perfect blend of a stroller and a tricycle, ensuring your little one's enjoyment while keeping them protected. Order now and give your child the ultimate riding experience!</p>",https://cdn.shopify.com/s/files/1/0828/1908/8689/products/IMG_6644-PhotoRoom.png-PhotoRoom.png?v=1694514028
,,,,,,,https://cdn.shopify.com/s/files/1/0828/1908/8689/products/IMG_6641-PhotoRoom.png-PhotoRoom.png?v=1694514028
,,,,,,,https://cdn.shopify.com/s/files/1/0828/1908/8689/products/IMG_6647-PhotoRoom.png-PhotoRoom.png?v=1694514028
,,,,,,,https://cdn.shopify.com/s/files/1/0828/1908/8689/products/IMG_6661-PhotoRoom.png-PhotoRoom.png?v=1694514028
,,,,,,,https://cdn.shopify.com/s/files/1/0828/1908/8689/products/IMG_6646-PhotoRoom.png-PhotoRoom.png?v=1694514028
,,,,,,,https://cdn.shopify.com/s/files/1/0828/1908/8689/products/IMG_6657-PhotoRoom.png-PhotoRoom.png?v=1694514028
,,,,,,,https://cdn.shopify.com/s/files/1/0828/1908/8689/products/IMG_6659-PhotoRoom.png-PhotoRoom.png?v=1694514028
,,,,,,,https://cdn.shopify.com/s/files/1/0828/1908/8689/products/IMG_6654-PhotoRoom.png-PhotoRoom.png?v=1694514028
Luusa XR09 Hooded Tricycle for Kids - Ages 8 Months to 4 Years,Default Title,,,499,5999,"<p><meta charset=""utf-8""><span data-mce-fragment=""1"">Introducing the Luusa XR09 Hooded Tricycle for Kids, the ultimate blend of safety, comfort, and style for your young explorer. Designed to cater to children aged 8 months to 4 years, this tricycle is packed with features that ensure your child's well-being and endless enjoyment. Here's why it's a must-have for your little one:</span></p>
<p><strong>Key Features:</strong></p>
<ul>
<li>
<p><strong>Convertible Hood:</strong> Our innovative hood design can be easily opened and closed at any time. It features a secure lock system that keeps it steady in windy conditions and unlocks effortlessly for hood closure.</p>
</li>
<li>
<p><strong>Safety First:</strong> Equipped with a seat belt and cushioned rail guard, this tricycle ensures your child's safety during every ride.</p>
</li>
<li>
<p><strong>Easy to Clean:</strong> The cushioned seats are not only comfortable but also washable, making cleanup a breeze after messy adventures.</p>
</li>
<li>
<p><strong>Maximum Comfort:</strong> Enjoy a large cushion backrest that provides optimal support during long rides, keeping your child comfortable at all times.</p>
</li>
<li>
<p><strong>Leg Rest:</strong> For those moments when little legs can't quite reach the pedals, the built-in leg rest offers a convenient solution.</p>
</li>
<li>
<p><strong>360-Degree Convertibility:</strong> This tricycle effortlessly converts in all directions, allowing your child to face forward, backward, or sideways. It offers endless flexibility for a customized riding experience.</p>
</li>
<li>
<p><strong>Dual Baskets:</strong> Stay organized with two spacious baskets – a large one at the back and a smaller one at the front – perfect for storing toys, snacks, and essentials.</p>
</li>
<li>
<p><strong>Height Adjustable Parent Handle:</strong> The parent handle is height-adjustable with cushioned grips, ensuring a comfortable and ergonomic grip for caregivers.</p>
</li>
<li>
<p><strong>Bottle Holder:</strong> Stay hydrated on the go with the convenient bottle holder, always within arm's reach.</p>
</li>
<li>
<p><strong>Enhanced Grip:</strong> The Luusa XR09 features EAV wheels that provide superior grip, ensuring stability and control on various terrains.</p>
</li>
</ul>
<p>The Luusa XR09 Hooded Tricycle for Kids is designed to make every moment of your child's ride a premium experience. With safety features, comfort, and style in mind, it's the perfect choice for young explorers. Give your child the joy of adventure while keeping them safe and comfortable – order the Luusa XR09 today!</p>",https://cdn.shopify.com/s/files/1/0828/1908/8689/products/IMG_6422-min-PhotoRoom.png-PhotoRoom.png?v=1694514011
,,,,,,,https://cdn.shopify.com/s/files/1/0828/1908/8689/products/IMG_6412-min-PhotoRoom.png-PhotoRoom.png?v=1694514011
,,,,,,,https://cdn.shopify.com/s/files/1/0828/1908/8689/products/IMG_6453-min-PhotoRoom.png-PhotoRoom.png?v=1694514011
,,,,,,,https://cdn.shopify.com/s/files/1/0828/1908/8689/products/IMG_6455-min-PhotoRoom.png-PhotoRoom.png?v=1694514011
,,,,,,,https://cdn.shopify.com/s/files/1/0828/1908/8689/products/IMG_6458-min-PhotoRoom.png-PhotoRoom.png?v=1694514011
,,,,,,,https://cdn.shopify.com/s/files/1/0828/1908/8689/products/IMG_6459-min-PhotoRoom.png-PhotoRoom.png?v=1694514011
,,,,,,,https://cdn.shopify.com/s/files/1/0828/1908/8689/products/IMG_6462-min-PhotoRoom.png-PhotoRoom.png?v=1694514011
,,,,,,,https://cdn.shopify.com/s/files/1/0828/1908/8689/products/IMG_6463-min-PhotoRoom.png-PhotoRoom.png?v=1694514011
Luusa XR09 Hooded Tricycle for Kids - Ages 8 Months to 4 Years,Default Title,,,499,5999,"<p><meta charset=""utf-8""><span data-mce-fragment=""1"">Introducing the Luusa XR09 Hooded Tricycle for Kids, the ultimate blend of safety, comfort, and style for your young explorer. Designed to cater to children aged 8 months to 4 years, this tricycle is packed with features that ensure your child's well-being and endless enjoyment. Here's why it's a must-have for your little one:</span></p>
<p><strong>Key Features:</strong></p>
<ul>
<li>
<p><strong>Convertible Hood:</strong> Our innovative hood design can be easily opened and closed at any time. It features a secure lock system that keeps it steady in windy conditions and unlocks effortlessly for hood closure.</p>
</li>
<li>
<p><strong>Safety First:</strong> Equipped with a seat belt and cushioned rail guard, this tricycle ensures your child's safety during every ride.</p>
</li>
<li>
<p><strong>Easy to Clean:</strong> The cushioned seats are not only comfortable but also washable, making cleanup a breeze after messy adventures.</p>
</li>
<li>
<p><strong>Maximum Comfort:</strong> Enjoy a large cushion backrest that provides optimal support during long rides, keeping your child comfortable at all times.</p>
</li>
<li>
<p><strong>Leg Rest:</strong> For those moments when little legs can't quite reach the pedals, the built-in leg rest offers a convenient solution.</p>
</li>
<li>
<p><strong>360-Degree Convertibility:</strong> This tricycle effortlessly converts in all directions, allowing your child to face forward, backward, or sideways. It offers endless flexibility for a customized riding experience.</p>
</li>
<li>
<p><strong>Dual Baskets:</strong> Stay organized with two spacious baskets – a large one at the back and a smaller one at the front – perfect for storing toys, snacks, and essentials.</p>
</li>
<li>
<p><strong>Height Adjustable Parent Handle:</strong> The parent handle is height-adjustable with cushioned grips, ensuring a comfortable and ergonomic grip for caregivers.</p>
</li>
<li>
<p><strong>Bottle Holder:</strong> Stay hydrated on the go with the convenient bottle holder, always within arm's reach.</p>
</li>
<li>
<p><strong>Enhanced Grip:</strong> The Luusa XR09 features EAV wheels that provide superior grip, ensuring stability and control on various terrains.</p>
</li>
</ul>
<p>The Luusa XR09 Hooded Tricycle for Kids is designed to make every moment of your child's ride a premium experience. With safety features, comfort, and style in mind, it's the perfect choice for young explorers. Give your child the joy of adventure while keeping them safe and comfortable – order the Luusa XR09 today!</p>",https://cdn.shopify.com/s/files/1/0828/1908/8689/products/IMG_6369-min-PhotoRoom.png-PhotoRoom.png?v=1694513994
,,,,,,,https://cdn.shopify.com/s/files/1/0828/1908/8689/products/IMG_6373-min-PhotoRoom.png-PhotoRoom.png?v=1694513994
,,,,,,,https://cdn.shopify.com/s/files/1/0828/1908/8689/products/IMG_6378-min-PhotoRoom.png-PhotoRoom.png?v=1694513994
,,,,,,,https://cdn.shopify.com/s/files/1/0828/1908/8689/products/IMG_6374-min-PhotoRoom.png-PhotoRoom.png?v=1694513994
,,,,,,,https://cdn.shopify.com/s/files/1/0828/1908/8689/products/IMG_6361-min-PhotoRoom.png-PhotoRoom.png?v=1694513994
,,,,,,,https://cdn.shopify.com/s/files/1/0828/1908/8689/products/IMG_6380-min-PhotoRoom.png-PhotoRoom.png?v=1694513994
,,,,,,,https://cdn.shopify.com/s/files/1/0828/1908/8689/products/IMG_6385-min-PhotoRoom.png-PhotoRoom.png?v=1694513994
,,,,,,,https://cdn.shopify.com/s/files/1/0828/1908/8689/products/IMG_6370-min-PhotoRoom.png-PhotoRoom.png?v=1694513994
,,,,,,,https://cdn.shopify.com/s/files/1/0828/1908/8689/products/IMG_6389-min-PhotoRoom.png-PhotoRoom.png?v=1694513994
,,,,,,,https://cdn.shopify.com/s/files/1/0828/1908/8689/products/IMG_6372-min-PhotoRoom.png-PhotoRoom.png?v=1694513994
,,,,,,,https://cdn.shopify.com/s/files/1/0828/1908/8689/products/IMG_6382-min-PhotoRoom.png-PhotoRoom.png?v=1694513994
,,,,,,,https://cdn.shopify.com/s/files/1/0828/1908/8689/products/IMG_6384-min-PhotoRoom.png-PhotoRoom.png?v=1694513994
,,,,,,,https://cdn.shopify.com/s/files/1/0828/1908/8689/products/IMG_6383-min-PhotoRoom.png-PhotoRoom.png?v=1694513994
,,,,,,,https://cdn.shopify.com/s/files/1/0828/1908/8689/products/IMG_6386-min-PhotoRoom.png-PhotoRoom.png?v=1694513994
Luusa R9 Power Tricycle for Kids - Hoodless Version,Default Title,,,499,5999,"<p><meta charset=""utf-8""><span data-mce-fragment=""1"">Introducing the Luusa R9 Power Tricycle for Kids, now available in a sleek, hoodless design! This tricycle offers the perfect blend of excitement and safety for your little adventurer. Meticulously crafted with attention to detail, this version removes the hood to provide a different riding experience while retaining all the features that make Luusa R9 Power a top choice for parents.</span></p>
<p><meta charset=""utf-8""><strong>Description:</strong><span> Introducing the Luusa R9 Power Tricycle for Kids, now available in a sleek, hoodless design! This tricycle offers the perfect blend of excitement and safety for your little adventurer. Meticulously crafted with attention to detail, this version removes the hood to provide a different riding experience while retaining all the features that make Luusa R9 Power a top choice for parents.</span></p>
<p><strong>Key Features:</strong></p>
<ul>
<li>
<p><em>Adjustable Parent Handle</em>: Customize the handle height for your comfort while pushing your child.</p>
</li>
<li>
<p><em>Plug and Play</em>: No complex assembly required; it's ready to use right away.</p>
</li>
<li>
<p><em>Cushion Seat</em>: Ensures a comfortable and snug ride for your child.</p>
</li>
<li>
<p><em>Safety Rail Guard</em>: Provides extra protection to prevent your little one from falling off.</p>
</li>
<li>
<p><em>Seat Belt</em>: Keep your child securely in place during the journey.</p>
</li>
<li>
<p><em>Front and Back Baskets</em>: Convenient storage for toys, snacks, and essentials.</p>
</li>
<li>
<p><em>Adjustable Footrest</em>: Adapt the footrest to accommodate your child's growing legs.</p>
</li>
<li>
<p><em>Stroller Tricycle</em>: Combines the best of a tricycle and a stroller for versatile use.</p>
</li>
</ul>
<p>Experience the thrill of riding with the Luusa R9 Power Tricycle for Kids - Hoodless Version. It's perfect for those who prefer an open design and want to enjoy the same high-quality features and safety benefits. Order now and give your child the ride of their dreams!</p>",https://cdn.shopify.com/s/files/1/0828/1908/8689/products/IMG_6158-PhotoRoom.png-PhotoRoom.png?v=1694513959
,,,,,,,https://cdn.shopify.com/s/files/1/0828/1908/8689/products/IMG_6168-PhotoRoom.png-PhotoRoom.png?v=1694513959
,,,,,,,https://cdn.shopify.com/s/files/1/0828/1908/8689/products/IMG_6180-PhotoRoom.png-PhotoRoom.png?v=1694513959
,,,,,,,https://cdn.shopify.com/s/files/1/0828/1908/8689/products/IMG_6165-PhotoRoom.png-PhotoRoom.png?v=1694513959
,,,,,,,https://cdn.shopify.com/s/files/1/0828/1908/8689/products/IMG_6164-PhotoRoom.png-PhotoRoom.png?v=1694513959
,,,,,,,https://cdn.shopify.com/s/files/1/0828/1908/8689/products/IMG_6155-PhotoRoom.png-PhotoRoom.png?v=1694513959
,,,,,,,https://cdn.shopify.com/s/files/1/0828/1908/8689/products/IMG_6170-PhotoRoom.png-PhotoRoom.png?v=1694513959
Luusa R9 Power Tricycle for Kids - Hoodless Version,Default Title,,,499,5999,"<p><meta charset=""utf-8""><span data-mce-fragment=""1"">Introducing the Luusa R9 Power Tricycle for Kids, now available in a sleek, hoodless design! This tricycle offers the perfect blend of excitement and safety for your little adventurer. Meticulously crafted with attention to detail, this version removes the hood to provide a different riding experience while retaining all the features that make Luusa R9 Power a top choice for parents.</span></p>
<p><meta charset=""utf-8""><strong>Description:</strong><span> Introducing the Luusa R9 Power Tricycle for Kids, now available in a sleek, hoodless design! This tricycle offers the perfect blend of excitement and safety for your little adventurer. Meticulously crafted with attention to detail, this version removes the hood to provide a different riding experience while retaining all the features that make Luusa R9 Power a top choice for parents.</span></p>
<p><strong>Key Features:</strong></p>
<ul>
<li>
<p><em>Adjustable Parent Handle</em>: Customize the handle height for your comfort while pushing your child.</p>
</li>
<li>
<p><em>Plug and Play</em>: No complex assembly required; it's ready to use right away.</p>
</li>
<li>
<p><em>Cushion Seat</em>: Ensures a comfortable and snug ride for your child.</p>
</li>
<li>
<p><em>Safety Rail Guard</em>: Provides extra protection to prevent your little one from falling off.</p>
</li>
<li>
<p><em>Seat Belt</em>: Keep your child securely in place during the journey.</p>
</li>
<li>
<p><em>Front and Back Baskets</em>: Convenient storage for toys, snacks, and essentials.</p>
</li>
<li>
<p><em>Adjustable Footrest</em>: Adapt the footrest to accommodate your child's growing legs.</p>
</li>
<li>
<p><em>Stroller Tricycle</em>: Combines the best of a tricycle and a stroller for versatile use.</p>
</li>
</ul>
<p>Experience the thrill of riding with the Luusa R9 Power Tricycle for Kids - Hoodless Version. It's perfect for those who prefer an open design and want to enjoy the same high-quality features and safety benefits. Order now and give your child the ride of their dreams!</p>",https://cdn.shopify.com/s/files/1/0828/1908/8689/products/IMG_6131-min-PhotoRoom.png-PhotoRoom.png?v=1694513944
,,,,,,,https://cdn.shopify.com/s/files/1/0828/1908/8689/products/IMG_6135-min-PhotoRoom.png-PhotoRoom.png?v=1694513944
,,,,,,,https://cdn.shopify.com/s/files/1/0828/1908/8689/products/IMG_6141-min-PhotoRoom.png-PhotoRoom.png?v=1694513944
,,,,,,,https://cdn.shopify.com/s/files/1/0828/1908/8689/products/IMG_6146-min-PhotoRoom.png-PhotoRoom.png?v=1694513944
,,,,,,,https://cdn.shopify.com/s/files/1/0828/1908/8689/products/IMG_6139-min-PhotoRoom.png-PhotoRoom.png?v=1694513944
,,,,,,,https://cdn.shopify.com/s/files/1/0828/1908/8689/products/IMG_6150-min-PhotoRoom.png-PhotoRoom.png?v=1694513944
,,,,,,,https://cdn.shopify.com/s/files/1/0828/1908/8689/products/IMG_6144-min-PhotoRoom.png-PhotoRoom.png?v=1694513944
,,,,,,,https://cdn.shopify.com/s/files/1/0828/1908/8689/products/IMG_6149-min-PhotoRoom.png-PhotoRoom.png?v=1694513944
,,,,,,,https://cdn.shopify.com/s/files/1/0828/1908/8689/products/IMG_6138-min-PhotoRoom.png-PhotoRoom.png?v=1694513944
,,,,,,,https://cdn.shopify.com/s/files/1/0828/1908/8689/products/IMG_6137-min-PhotoRoom.png-PhotoRoom.png?v=1694513944
Luusa R9 Power 500 Tricycle for Kids with Hood and Parent Handle,Default Title,,,499,5999,"<p><meta charset=""utf-8""><meta charset=""utf-8""><span data-mce-fragment=""1"">The Luusa R9 Power 500 Tricycle for Kids is the perfect blend of excitement and safety for your little adventurer. With meticulous attention to detail, this tricycle comes equipped with an array of features that will make every ride an unforgettable experience.</span><br></p>
<p><strong>Key Features:</strong></p>
<ul>
<li>
<p><em>Adjustable Parent Handle</em>: Customize the handle height for your comfort while pushing your child.</p>
</li>
<li>
<p><em>Plug and Play</em>: No complex assembly required; it's ready to use right away.</p>
</li>
<li>
<p><em>Cushion Seat</em>: Ensures a comfortable and snug ride for your child.</p>
</li>
<li>
<p><em>Safety Rail Guard</em>: Provides extra protection to prevent your little one from falling off.</p>
</li>
<li>
<p><em>Seat Belt</em>: Keep your child securely in place during the journey.</p>
</li>
<li>
<p><em>Front and Back Baskets</em>: Convenient storage for toys, snacks, and essentials.</p>
</li>
<li>
<p><em>Adjustable Footrest</em>: Adapt the footrest to accommodate your child's growing legs.</p>
</li>
<li>
<p><em>Foldable Hood</em>: Shield your child from the sun or light rain, ensuring a pleasant ride.</p>
</li>
<li>
<p><em>Stroller Tricycle</em>: Combines the best of a tricycle and a stroller for versatile use.</p>
</li>
</ul>
<p>Give your child the gift of adventure and comfort with the Luusa R9 Power 500 Tricycle for Kids. Whether it's a leisurely stroll or an exciting adventure, this tricycle is designed to bring smiles and endless fun to your child's face. Order now and watch your little one enjoy the ride of a lifetime!</p>",https://cdn.shopify.com/s/files/1/0828/1908/8689/products/IMG_6024-min-PhotoRoom.png-PhotoRoom.png?v=1694513916
,,,,,,,https://cdn.shopify.com/s/files/1/0828/1908/8689/products/IMG_6084-min-PhotoRoom.png-PhotoRoom.png?v=1694513916
,,,,,,,https://cdn.shopify.com/s/files/1/0828/1908/8689/products/IMG_6044-min-PhotoRoom.png-PhotoRoom.png?v=1694513916
,,,,,,,https://cdn.shopify.com/s/files/1/0828/1908/8689/products/IMG_6028-min-PhotoRoom.png-PhotoRoom.png?v=1694513916
,,,,,,,https://cdn.shopify.com/s/files/1/0828/1908/8689/products/IMG_6034-min-PhotoRoom.png-PhotoRoom.png?v=1694513917
,,,,,,,https://cdn.shopify.com/s/files/1/0828/1908/8689/products/IMG_6051-min-PhotoRoom.png-PhotoRoom.png?v=1694513917
,,,,,,,https://cdn.shopify.com/s/files/1/0828/1908/8689/products/IMG_6049-min-1-PhotoRoom.png-PhotoRoom.png?v=1694513917
,,,,,,,https://cdn.shopify.com/s/files/1/0828/1908/8689/products/IMG_6041-min-PhotoRoom.png-PhotoRoom.png?v=1694513917
,,,,,,,https://cdn.shopify.com/s/files/1/0828/1908/8689/products/IMG_6046-min-PhotoRoom.png-PhotoRoom.png?v=1694513917
,,,,,,,https://cdn.shopify.com/s/files/1/0828/1908/8689/products/IMG_6029-min-PhotoRoom.png-PhotoRoom.png?v=1694513917
,,,,,,,https://cdn.shopify.com/s/files/1/0828/1908/8689/products/IMG_6042-min-PhotoRoom.png-PhotoRoom.png?v=1694513917
Luusa R9 Power Tricycle for Kids - Hoodless Version,Default Title,,,499,5999,"<p><meta charset=""utf-8""><span data-mce-fragment=""1"">Introducing the Luusa R9 Power Tricycle for Kids, now available in a sleek, hoodless design! This tricycle offers the perfect blend of excitement and safety for your little adventurer. Meticulously crafted with attention to detail, this version removes the hood to provide a different riding experience while retaining all the features that make Luusa R9 Power a top choice for parents.</span></p>
<p><meta charset=""utf-8""><strong>Description:</strong><span> Introducing the Luusa R9 Power Tricycle for Kids, now available in a sleek, hoodless design! This tricycle offers the perfect blend of excitement and safety for your little adventurer. Meticulously crafted with attention to detail, this version removes the hood to provide a different riding experience while retaining all the features that make Luusa R9 Power a top choice for parents.</span></p>
<p><strong>Key Features:</strong></p>
<ul>
<li>
<p><em>Adjustable Parent Handle</em>: Customize the handle height for your comfort while pushing your child.</p>
</li>
<li>
<p><em>Plug and Play</em>: No complex assembly required; it's ready to use right away.</p>
</li>
<li>
<p><em>Cushion Seat</em>: Ensures a comfortable and snug ride for your child.</p>
</li>
<li>
<p><em>Safety Rail Guard</em>: Provides extra protection to prevent your little one from falling off.</p>
</li>
<li>
<p><em>Seat Belt</em>: Keep your child securely in place during the journey.</p>
</li>
<li>
<p><em>Front and Back Baskets</em>: Convenient storage for toys, snacks, and essentials.</p>
</li>
<li>
<p><em>Adjustable Footrest</em>: Adapt the footrest to accommodate your child's growing legs.</p>
</li>
<li>
<p><em>Stroller Tricycle</em>: Combines the best of a tricycle and a stroller for versatile use.</p>
</li>
</ul>
<p>Experience the thrill of riding with the Luusa R9 Power Tricycle for Kids - Hoodless Version. It's perfect for those who prefer an open design and want to enjoy the same high-quality features and safety benefits. Order now and give your child the ride of their dreams!</p>",https://cdn.shopify.com/s/files/1/0828/1908/8689/products/IMG_6013-min-PhotoRoom.png-PhotoRoom.png?v=1694513892
,,,,,,,https://cdn.shopify.com/s/files/1/0828/1908/8689/products/IMG_6018-min-PhotoRoom.png-PhotoRoom.png?v=1694513892
,,,,,,,https://cdn.shopify.com/s/files/1/0828/1908/8689/products/IMG_6010-min-PhotoRoom.png-PhotoRoom.png?v=1694513892
,,,,,,,https://cdn.shopify.com/s/files/1/0828/1908/8689/products/IMG_6004-min-PhotoRoom.png-PhotoRoom.png?v=1694513892
,,,,,,,https://cdn.shopify.com/s/files/1/0828/1908/8689/products/IMG_6014-min-PhotoRoom.png-PhotoRoom.png?v=1694513892
,,,,,,,https://cdn.shopify.com/s/files/1/0828/1908/8689/products/IMG_6006-min-PhotoRoom.png-PhotoRoom.png?v=1694513892
,,,,,,,https://cdn.shopify.com/s/files/1/0828/1908/8689/products/IMG_6002-min-PhotoRoom.png-PhotoRoom.png?v=1694513892
,,,,,,,https://cdn.shopify.com/s/files/1/0828/1908/8689/products/IMG_5995-min-PhotoRoom.png-PhotoRoom.png?v=1694513892
,,,,,,,https://cdn.shopify.com/s/files/1/0828/1908/8689/products/IMG_6012-min-PhotoRoom.png-PhotoRoom.png?v=1694513892
"Luusa GT-1 Tricycle Plug N Play Kids with Parental Control, Cushion seat and Safety Guard Rail Carrying Capacity Upto 30kgs",Default Title,,,499,3600,"<p>The Luusa GT 500 Tricycle is the ultimate combination of safety, comfort, and enjoyment for your child's outdoor adventures. This tricycle is loaded with features designed to ensure your child's happiness and your peace of mind</p>
<p><u>Specifications </u></p>
<ul>
<li>Parental Control: No more backaches and running behind the kids !! Control their total movement. It comes with a 3 level height adjustment. </li>
<li>Cushion Seat: Super comfy HD foam and aesthetically designed cushion seat. </li>
<li>Safety Harness: Safety comes first for all the parents and with cushioned guard rail, your kid is safe and secure. </li>
<li> Dual Storage Space: To keep your wallet, or keys, a toy maybe, or a Mobile phone. </li>
<li> EVA Wheels: Superior grip on all sorts of surfaces, be it rough roads or Italian marble. </li>
<li>Fold-able and Rotate-able Footrest: The Footrest can be adjusted as per the requirement. And Many More..... </li>
<li>It is not just about the height or length that matters in a cycle, it is the complete dimension that makes a cycle PERFECT.</li>
</ul>
<p><meta charset=""utf-8""><span>Kids Tricycle, Hooded Tricycle, Adjustable Handle, Plug and Play, Cushioned Seat, Safety Rail Guard, Seat Belt, Front Basket, Back Basket, Adjustable Footrest, Foldable Hood, Stroller Tricycle</span></p>",https://cdn.shopify.com/s/files/1/0828/1908/8689/products/IMG_6769-PhotoRoom.png-PhotoRoom.png?v=1694513870
,,,,,,,https://cdn.shopify.com/s/files/1/0828/1908/8689/products/IMG_6770-PhotoRoom.png-PhotoRoom.png?v=1694513870
,,,,,,,https://cdn.shopify.com/s/files/1/0828/1908/8689/products/IMG_6802-PhotoRoom.png-PhotoRoom.png?v=1694513870
,,,,,,,https://cdn.shopify.com/s/files/1/0828/1908/8689/products/IMG_6791-PhotoRoom.png-PhotoRoom.png?v=1694513871
,,,,,,,https://cdn.shopify.com/s/files/1/0828/1908/8689/products/IMG_6773-PhotoRoom.png-PhotoRoom.png?v=1694513871
,,,,,,,https://cdn.shopify.com/s/files/1/0828/1908/8689/products/IMG_6677-PhotoRoom.png-PhotoRoom.png?v=1694513871
,,,,,,,https://cdn.shopify.com/s/files/1/0828/1908/8689/products/IMG_6678-PhotoRoom.png-PhotoRoom.png?v=1694513871
,,,,,,,https://cdn.shopify.com/s/files/1/0828/1908/8689/products/IMG_6786-PhotoRoom.png-PhotoRoom.png?v=1694513871
,,,,,,,https://cdn.shopify.com/s/files/1/0828/1908/8689/products/IMG_6796-PhotoRoom.png-PhotoRoom.png?v=1694513871
"Luusa GT-1 Tricycle Plug N Play Kids with Parental Control, Cushion seat and Safety Guard Rail Carrying Capacity Upto 30kgs",Default Title,,,499,3600,"<p><u>Specifications </u></p>
<ul>
<li>Parental Control: No more backaches and running behind the kids !! Control their total movement. It comes with a 3 level height adjustment. </li>
<li>Cushion Seat: Super comfy HD foam and aesthetically designed cushion seat. </li>
<li>Safety Harness: Safety comes first for all the parents and with cushioned guard rail, your kid is safe and secure. </li>
<li> Dual Storage Space: To keep your wallet, or keys, a toy maybe, or a Mobile phone. </li>
<li> EVA Wheels: Superior grip on all sorts of surfaces, be it rough roads or Italian marble. </li>
<li>Fold-able and Rotate-able Footrest: The Footrest can be adjusted as per the requirement. And Many More..... </li>
<li>It is not just about the height or length that matters in a cycle, it is the complete dimension that makes a cycle PERFECT.</li>
</ul>",https://cdn.shopify.com/s/files/1/0828/1908/8689/products/IMG_6749-PhotoRoom.png-PhotoRoom.png?v=1694513853
,,,,,,,https://cdn.shopify.com/s/files/1/0828/1908/8689/products/IMG_6743-PhotoRoom.png-PhotoRoom.png?v=1694513853
,,,,,,,https://cdn.shopify.com/s/files/1/0828/1908/8689/products/IMG_6738-PhotoRoom.png-PhotoRoom.png?v=1694513853
,,,,,,,https://cdn.shopify.com/s/files/1/0828/1908/8689/products/IMG_6758-PhotoRoom.png-PhotoRoom.png?v=1694513853
,,,,,,,https://cdn.shopify.com/s/files/1/0828/1908/8689/products/IMG_6736-PhotoRoom.png-PhotoRoom_97ce0d7b-2115-4783-9e65-dd0b4f8c2d84.png?v=1694513853
,,,,,,,https://cdn.shopify.com/s/files/1/0828/1908/8689/products/IMG_6742-PhotoRoom.png-PhotoRoom.png?v=1694513853
,,,,,,,https://cdn.shopify.com/s/files/1/0828/1908/8689/products/IMG_6733-PhotoRoom.png-PhotoRoom_22e55c60-bad8-4ff8-8234-474857c3b87c.png?v=1694513853
,,,,,,,https://cdn.shopify.com/s/files/1/0828/1908/8689/products/IMG_6750-PhotoRoom.png-PhotoRoom.png?v=1694513853
Luusa Nitro 250 TRICYCLE: A Fun and Sturdy Metal Tricycle with Cartoon Charm,Default Title,,,499,2999,"<meta charset=""UTF-8"">
<p data-mce-fragment=""1"">Introducing the Luusa Nitro 250 TRICYCLE, the ultimate ride for young adventurers! Crafted with precision and designed with a whimsical cartoon face at the front, this metal tricycle is built to provide your child with hours of entertainment and active play.</p>
<p data-mce-fragment=""1""><strong data-mce-fragment=""1"">Key Features:</strong></p>
<ol data-mce-fragment=""1"">
<li data-mce-fragment=""1"">
<p data-mce-fragment=""1""><strong data-mce-fragment=""1"">Cartoon-Inspired Fun:</strong> The Luusa Nitro 250 TRICYCLE features an adorable cartoon face at the front, making it irresistibly charming for kids. Watch as your little one's imagination takes flight with their new cartoon companion.</p>
</li>
<li data-mce-fragment=""1"">
<p data-mce-fragment=""1""><strong data-mce-fragment=""1"">Sturdy Metal Construction:</strong> Built to last, this tricycle boasts a durable metal frame that can withstand the rigors of active play. It ensures long-lasting fun for your child, even in the great outdoors.</p>
</li>
<li data-mce-fragment=""1"">
<p data-mce-fragment=""1""><strong data-mce-fragment=""1"">Comfortable Seat:</strong> The comfortable, ergonomically designed seat ensures your child can ride in style without sacrificing comfort. It's the perfect blend of functionality and fun.</p>
</li>
<li data-mce-fragment=""1"">
<p data-mce-fragment=""1""><strong data-mce-fragment=""1"">Easy Maneuverability:</strong> With its user-friendly design and easy-to-grip handlebars, the Luusa Nitro 250 TRICYCLE provides excellent maneuverability, allowing your child to cruise with confidence.</p>
</li>
<li data-mce-fragment=""1"">
<p data-mce-fragment=""1""><strong data-mce-fragment=""1"">Enhanced Safety:</strong> Safety is a top priority. This tricycle is designed with stability in mind, reducing the risk of tipping. Your child can pedal around safely under your watchful eye.</p>
</li>
<li data-mce-fragment=""1"">
<p data-mce-fragment=""1""><strong data-mce-fragment=""1"">For Ages <em data-mce-fragment=""1"">-</em>:</strong> Suitable for children aged __ to __ years, the Luusa Nitro 250 TRICYCLE is perfect for toddlers and young children looking to explore and have a blast.</p>
</li>
</ol>
<p><meta charset=""UTF-8""><span>Give your child the gift of adventure and laughter with the Luusa Nitro 250 TRICYCLE. Order now and let them embark on exciting journeys with their new cartoon friend, all while staying active and having a blast!</span></p>",https://cdn.shopify.com/s/files/1/0828/1908/8689/products/71Y1h8KnsfL._SL1500.jpg?v=1694513836
,,,,,,,https://cdn.shopify.com/s/files/1/0828/1908/8689/products/16724604442tH.jpg?v=1694513836
,,,,,,,https://cdn.shopify.com/s/files/1/0828/1908/8689/products/7193_7v7CvL._SL1500.jpg?v=1694513836
,,,,,,,https://cdn.shopify.com/s/files/1/0828/1908/8689/products/7174rx1mZFL._SL1500.jpg?v=1694513836
,,,,,,,https://cdn.shopify.com/s/files/1/0828/1908/8689/products/1672460445Cn4.jpg?v=1694513836
,,,,,,,https://cdn.shopify.com/s/files/1/0828/1908/8689/products/1672460445y3b.jpg?v=1694513836
,,,,,,,https://cdn.shopify.com/s/files/1/0828/1908/8689/products/1672460443ZL9.jpg?v=1694513836
Luusa Nitro 250 TRICYCLE: A Fun and Sturdy Metal Tricycle with Cartoon Charm,Default Title,,,499,2999,"<meta charset=""UTF-8"">
<p data-mce-fragment=""1"">Introducing the Luusa Nitro 250 TRICYCLE, the ultimate ride for young adventurers! Crafted with precision and designed with a whimsical cartoon face at the front, this metal tricycle is built to provide your child with hours of entertainment and active play.</p>
<p data-mce-fragment=""1""><strong data-mce-fragment=""1"">Key Features:</strong></p>
<ol data-mce-fragment=""1"">
<li data-mce-fragment=""1"">
<p data-mce-fragment=""1""><strong data-mce-fragment=""1"">Cartoon-Inspired Fun:</strong> The Luusa Nitro 250 TRICYCLE features an adorable cartoon face at the front, making it irresistibly charming for kids. Watch as your little one's imagination takes flight with their new cartoon companion.</p>
</li>
<li data-mce-fragment=""1"">
<p data-mce-fragment=""1""><strong data-mce-fragment=""1"">Sturdy Metal Construction:</strong> Built to last, this tricycle boasts a durable metal frame that can withstand the rigors of active play. It ensures long-lasting fun for your child, even in the great outdoors.</p>
</li>
<li data-mce-fragment=""1"">
<p data-mce-fragment=""1""><strong data-mce-fragment=""1"">Comfortable Seat:</strong> The comfortable, ergonomically designed seat ensures your child can ride in style without sacrificing comfort. It's the perfect blend of functionality and fun.</p>
</li>
<li data-mce-fragment=""1"">
<p data-mce-fragment=""1""><strong data-mce-fragment=""1"">Easy Maneuverability:</strong> With its user-friendly design and easy-to-grip handlebars, the Luusa Nitro 250 TRICYCLE provides excellent maneuverability, allowing your child to cruise with confidence.</p>
</li>
<li data-mce-fragment=""1"">
<p data-mce-fragment=""1""><strong data-mce-fragment=""1"">Enhanced Safety:</strong> Safety is a top priority. This tricycle is designed with stability in mind, reducing the risk of tipping. Your child can pedal around safely under your watchful eye.</p>
</li>
<li data-mce-fragment=""1"">
<p data-mce-fragment=""1""><strong data-mce-fragment=""1"">For Ages <em data-mce-fragment=""1"">-</em>:</strong> Suitable for children aged __ to __ years, the Luusa Nitro 250 TRICYCLE is perfect for toddlers and young children looking to explore and have a blast.</p>
</li>
</ol>
<p><meta charset=""UTF-8""><span>Give your child the gift of adventure and laughter with the Luusa Nitro 250 TRICYCLE. Order now and let them embark on exciting journeys with their new cartoon friend, all while staying active and having a blast!</span></p>",https://cdn.shopify.com/s/files/1/0828/1908/8689/products/71t0hni75FL._SL1500.jpg?v=1694513826
,,,,,,,https://cdn.shopify.com/s/files/1/0828/1908/8689/products/71pXOIMOz_L._SL1500.jpg?v=1694513826
,,,,,,,https://cdn.shopify.com/s/files/1/0828/1908/8689/products/71-V_Tg0nSL._SL1500.jpg?v=1694513826
,,,,,,,https://cdn.shopify.com/s/files/1/0828/1908/8689/products/71kbOeoUH5L._SL1500.jpg?v=1694513826
,,,,,,,https://cdn.shopify.com/s/files/1/0828/1908/8689/products/71BHkyq9CLL._SL1500.jpg?v=1694513826
,,,,,,,https://cdn.shopify.com/s/files/1/0828/1908/8689/products/71OsugHKyiL._SL1500.jpg?v=1694513826
Luusa Nitro 250 TRICYCLE: A Fun and Sturdy Metal Tricycle with Cartoon Charm,Default Title,,,499,2999,"<meta charset=""UTF-8"">
<p data-mce-fragment=""1"">Introducing the Luusa Nitro 250 TRICYCLE, the ultimate ride for young adventurers! Crafted with precision and designed with a whimsical cartoon face at the front, this metal tricycle is built to provide your child with hours of entertainment and active play.</p>
<p data-mce-fragment=""1""><strong data-mce-fragment=""1"">Key Features:</strong></p>
<ol data-mce-fragment=""1"">
<li data-mce-fragment=""1"">
<p data-mce-fragment=""1""><strong data-mce-fragment=""1"">Cartoon-Inspired Fun:</strong> The Luusa Nitro 250 TRICYCLE features an adorable cartoon face at the front, making it irresistibly charming for kids. Watch as your little one's imagination takes flight with their new cartoon companion.</p>
</li>
<li data-mce-fragment=""1"">
<p data-mce-fragment=""1""><strong data-mce-fragment=""1"">Sturdy Metal Construction:</strong> Built to last, this tricycle boasts a durable metal frame that can withstand the rigors of active play. It ensures long-lasting fun for your child, even in the great outdoors.</p>
</li>
<li data-mce-fragment=""1"">
<p data-mce-fragment=""1""><strong data-mce-fragment=""1"">Comfortable Seat:</strong> The comfortable, ergonomically designed seat ensures your child can ride in style without sacrificing comfort. It's the perfect blend of functionality and fun.</p>
</li>
<li data-mce-fragment=""1"">
<p data-mce-fragment=""1""><strong data-mce-fragment=""1"">Easy Maneuverability:</strong> With its user-friendly design and easy-to-grip handlebars, the Luusa Nitro 250 TRICYCLE provides excellent maneuverability, allowing your child to cruise with confidence.</p>
</li>
<li data-mce-fragment=""1"">
<p data-mce-fragment=""1""><strong data-mce-fragment=""1"">Enhanced Safety:</strong> Safety is a top priority. This tricycle is designed with stability in mind, reducing the risk of tipping. Your child can pedal around safely under your watchful eye.</p>
</li>
<li data-mce-fragment=""1"">
<p data-mce-fragment=""1""><strong data-mce-fragment=""1"">For Ages <em data-mce-fragment=""1"">-</em>:</strong> Suitable for children aged __ to __ years, the Luusa Nitro 250 TRICYCLE is perfect for toddlers and young children looking to explore and have a blast.</p>
</li>
</ol>
<p><meta charset=""UTF-8""><span>Give your child the gift of adventure and laughter with the Luusa Nitro 250 TRICYCLE. Order now and let them embark on exciting journeys with their new cartoon friend, all while staying active and having a blast!</span></p>",https://cdn.shopify.com/s/files/1/0828/1908/8689/products/71z0rVWaabL._SL1500.jpg?v=1694513816
,,,,,,,https://cdn.shopify.com/s/files/1/0828/1908/8689/products/71SpsTplxJL._SL1500.jpg?v=1694513816
,,,,,,,https://cdn.shopify.com/s/files/1/0828/1908/8689/products/71m5G5pORkL._SL1500.jpg?v=1694513816
,,,,,,,https://cdn.shopify.com/s/files/1/0828/1908/8689/products/71XcFLtTZPL._SL1500.jpg?v=1694513816
,,,,,,,https://cdn.shopify.com/s/files/1/0828/1908/8689/products/71lxIe4FGTL._SL1500.jpg?v=1694513816
,,,,,,,https://cdn.shopify.com/s/files/1/0828/1908/8689/products/71OOqQYvtEL._SL1500.jpg?v=1694513816
,,,,,,,https://cdn.shopify.com/s/files/1/0828/1908/8689/products/71QE1i3DwiL._SL1500.jpg?v=1694513816
Luusa R1 Tricycle For Kids 3 In 1 Baby Tricycle For 1 - 4 Years Kids Carrying Capacity Upto 30kgs (Yellow),Default Title,,,499,3999,"<div>
<h1 class=""a-size-base-plus a-text-bold"">About this item</h1>
</div>
<ul class=""a-unordered-list a-vertical a-spacing-mini"">
<li class=""a-spacing-mini""><span class=""a-list-item"">Comfortable and Safe: The tricycle comes with a cushioned seat, safety harness, and puncture-proof EVA wheels, providing a comfortable and safe ride for your child. </span></li>
<li class=""a-spacing-mini""><span class=""a-list-item"">Convenient Dual Storage Space: The tricycle has a rear basket and a front storage bin, allowing you to keep your child's belongings, snacks, and drinks handy while on the go. </span></li>
<li class=""a-spacing-mini""><span class=""a-list-item"">Parent Handle for Control: The tricycle features a parent handle that allows you to steer and control the tricycle, making it a perfect choice for younger children who are not yet capable of riding independently. </span></li>
<li class=""a-spacing-mini""><span class=""a-list-item"">Durable and Stylish: The Poppins R1 Tricycle is a reliable and durable tricycle designed with your child's safety and comfort in mind. With its innovative design and stylish looks, it's sure to be a hit with both parents and children alike. </span></li>
<li class=""a-spacing-mini""><span class=""a-list-item"">Adjustable Parent Handle: Now it is very easy to adjust the height of your parent handle according to your height with 3 modes for extra comfort</span></li>
</ul>
<p>Specifications</p>
<p>In The Box</p>
<p>R1 3 in 1 Tricycle For Kids, Baby Tricycle For 1-4 Years With Rubber Wheels, Baby Tricycle Parental Control Handle(Red)</p>
<p>1 Tricycle</p>
<p> </p>
<table>
<tbody>
<tr>
<td> </td>
<td> </td>
</tr>
<tr>
<td>Model Name</td>
<td>Baby Girl &amp; Boys 3 in 1 Tricycle For Kids</td>
</tr>
<tr>
<td>Type</td>
<td>Tricycle</td>
</tr>
<tr>
<td>Ideal For</td>
<td>Baby Girls, Baby Boys Tricycle</td>
</tr>
<tr>
<td>Age Group</td>
<td>1 - 4 years</td>
</tr>
<tr>
<td>Maximum User Weight</td>
<td>20 - 25 kg</td>
</tr>
<tr>
<td>Color</td>
<td>Yellow</td>
</tr>
<tr>
<td>Delivery  Condition</td>
<td>DIY (Do-It-Yourself)</td>
</tr>
<tr>
<td>Material</td>
<td>Steel</td>
</tr>
<tr>
<td> Bell Present</td>
<td>Yes</td>
</tr>
<tr>
<td>Convenience Features</td>
<td> </td>
</tr>
<tr>
<td>Footboard</td>
<td>Yes</td>
</tr>
<tr>
<td>Seat Belt</td>
<td>Yes</td>
</tr>
<tr>
<td>Storage Compartment</td>
<td>Yes</td>
</tr>
<tr>
<td>Parent Handle Control</td>
<td>Yes</td>
</tr>
<tr>
<td>More Details</td>
<td> </td>
</tr>
<tr>
<td>Dimensions</td>
<td>60 x 40 x 70 cm</td>
</tr>
<tr>
<td>Item Weight</td>
<td>3 kg</td>
</tr>
<tr>
<td>Generic Name</td>
<td>R1 3 in 1 Tricycle For Kids, Baby Tricycle For 1-4 Years, Baby Girls &amp; Boys Tricycle For kids</td>
</tr>
<tr>
<td>Country Origin</td>
<td>India</td>
</tr>
</tbody>
</table>",https://cdn.shopify.com/s/files/1/0828/1908/8689/products/electric-musical-upside-down-clown-joker-toys-dancing-toy-original-imagmmha6xmchrhe-PhotoRoom-13_9997_1_da522cfc-70ed-4eda-8b90-4b8ee1fc8175.png?v=1694513805
,,,,,,,https://cdn.shopify.com/s/files/1/0828/1908/8689/products/61RoklzR9yL._SL1500.jpg?v=1694513805
,,,,,,,https://cdn.shopify.com/s/files/1/0828/1908/8689/products/LUSSA-R1-_3_dee7b3b9-ccbd-49a1-a046-2f41e1c274eb.jpg?v=1694513805
,,,,,,,https://cdn.shopify.com/s/files/1/0828/1908/8689/products/71bdg6ta1VL-SL1500-_4_8fb3414e-7115-4891-b6c5-0444a4f4f475.jpg?v=1694513805
,,,,,,,https://cdn.shopify.com/s/files/1/0828/1908/8689/products/61DJfqgZwEL._SL1500.jpg?v=1694513805
,,,,,,,https://cdn.shopify.com/s/files/1/0828/1908/8689/products/61AwmZRehkL._SL1500.jpg?v=1694513805
,,,,,,,https://cdn.shopify.com/s/files/1/0828/1908/8689/products/61rmN6rYt0L._SL1500.jpg?v=1694513805
,,,,,,,https://cdn.shopify.com/s/files/1/0828/1908/8689/products/71Gp9PsTszS._SL1500.jpg?v=1694513805
Luusa GT 500 Hooded Tricycle Plug N Play Kids / Baby Tricycle with Parental Control (Blue),Default Title,,,499,4200,"<p>The Luusa GT 500 Tricycle is the ultimate combination of safety, comfort, and enjoyment for your child's outdoor adventures. This tricycle is loaded with features designed to ensure your child's happiness and your peace of mind</p>
<p><u>Specifications </u></p>
<ul>
<li>Parental Control: No more backaches and running behind the kids !! Control their total movement. It comes with a 3 level height adjustment. </li>
<li>Cushion Seat: Super comfy HD foam and aesthetically designed cushion seat. </li>
<li>Safety Harness: Safety comes first for all the parents and with cushioned guard rail, your kid is safe and secure. </li>
<li> Dual Storage Space: To keep your wallet, or keys, a toy maybe, or a Mobile phone. </li>
<li> EVA Wheels: Superior grip on all sorts of surfaces, be it rough roads or Italian marble. </li>
<li>Fold-able and Rotate-able Footrest: The Footrest can be adjusted as per the requirement. And Many More..... </li>
<li>It is not just about the height or length that matters in a cycle, it is the complete dimension that makes a cycle PERFECT.</li>
</ul>
<p><meta charset=""utf-8""><span>The Luusa GT 500 Tricycle is meticulously designed to provide endless fun and safety for your child. It seamlessly combines the features of a stroller and a tricycle, ensuring your little one's enjoyment while keeping them secure. Order now to provide your child with the ultimate riding experience!</span></p>",https://cdn.shopify.com/s/files/1/0828/1908/8689/products/IMG_6720-PhotoRoom.png-PhotoRoom.png?v=1694513792
,,,,,,,https://cdn.shopify.com/s/files/1/0828/1908/8689/products/IMG_6731-PhotoRoom.png-PhotoRoom.png?v=1694513792
,,,,,,,https://cdn.shopify.com/s/files/1/0828/1908/8689/products/IMG_6733-PhotoRoom.png-PhotoRoom.png?v=1694513792
,,,,,,,https://cdn.shopify.com/s/files/1/0828/1908/8689/products/IMG_6736-PhotoRoom.png-PhotoRoom.png?v=1694513792
,,,,,,,https://cdn.shopify.com/s/files/1/0828/1908/8689/products/IMG_6732-PhotoRoom.png-PhotoRoom.png?v=1694513792
,,,,,,,https://cdn.shopify.com/s/files/1/0828/1908/8689/products/IMG_6726-PhotoRoom.png-PhotoRoom.png?v=1694513792
,,,,,,,https://cdn.shopify.com/s/files/1/0828/1908/8689/products/IMG_6713-PhotoRoom.png-PhotoRoom.png?v=1694513792
,,,,,,,https://cdn.shopify.com/s/files/1/0828/1908/8689/products/51LSXghyTNL.jpg?v=1694513792
"Luusa GT-1 Tricycle Plug N Play Kids with Parental Control, Cushion seat and Safety Guard Rail Carrying Capacity Upto 30kgs",Default Title,,,499,3600,"<p><u>Specifications </u> </p>
<ul>
<li>Parental Control: No more backaches and running behind the kids !! Control their total movement. It comes with a 3 level height adjustment. </li>
<li>Cushion Seat: Super comfy HD foam and aesthetically designed cushion seat. </li>
<li>Safety Harness: Safety comes first for all the parents and with cushioned guard rail, your kid is safe and secure. </li>
<li> Dual Storage Space: To keep your wallet, or keys, a toy maybe, or a Mobile phone. </li>
<li> EVA Wheels: Superior grip on all sorts of surfaces, be it rough roads or Italian marble. </li>
<li>Fold-able and Rotate-able Footrest: The Footrest can be adjusted as per the requirement. And Many More..... </li>
<li>It is not just about the height or length that matters in a cycle, it is the complete dimension that makes a cycle PERFECT.</li>
</ul>",https://cdn.shopify.com/s/files/1/0828/1908/8689/products/electric-musical-upside-down-clown-joker-toys-dancing-toy-original-imagmmha6xmchrhe-PhotoRoom-10_3111_1_fc600072-d5db-47be-a2c1-d6d360473cc7.png?v=1694513775
,,,,,,,https://cdn.shopify.com/s/files/1/0828/1908/8689/products/6a73f6_1f6bf45705c64846b2411cc3498c9f66_mv2.jpg?v=1694513775
,,,,,,,https://cdn.shopify.com/s/files/1/0828/1908/8689/products/6a73f6_6d494b28841641f3a65d43d79ca60fd0_mv2.jpg?v=1694513775
,,,,,,,https://cdn.shopify.com/s/files/1/0828/1908/8689/products/6a73f6-13df244b486244de85cfdd21cd93a498-mv2-_4_401f4363-3d22-440c-babb-3288d3cd9ed1.jpg?v=1694513775
,,,,,,,https://cdn.shopify.com/s/files/1/0828/1908/8689/products/6a73f6_16da60fcf42048738ebae6b17d0b63ef_mv2.jpg?v=1694513775
,,,,,,,https://cdn.shopify.com/s/files/1/0828/1908/8689/products/6a73f6-b96a59a826044d8094217fe251914267-mv2-_6_70a0e111-ab9b-4aab-ade0-e5c8cfcd9632.jpg?v=1694513775
,,,,,,,https://cdn.shopify.com/s/files/1/0828/1908/8689/products/6a73f6-31af7dada44447d6b60315a2de963768-mv2-_7_9032bfef-b274-445b-acfc-c282f2d6c250.jpg?v=1694513775
360 Degree Rotating Stunt Tricycle With Bump & Go Action - White,Default Title,,,399,1499,"<p>Cute and charming riders ride in the cool three rounds, not only to bring visual experience to children, but also to cultivate interest, intellectual development. Stunt tricycle electric car for game interacts. After riding for a while, the bottom of the tricycle will support the car to stand, and then rotate with the light music.<br><br>Key Features:</p><ul>	<li>Features flashing lights and music round</li>	<li>Develops fine motor skills in kids</li>	<li>Develops hand eye coordination</li>
</ul><p>Specifications:<br>Brand - POPPINS        <br>Type - Musical Toy<br>Age - 3 Years+<br>Material - ABS Plastic<br>Product dimension - 17 x 9 x 17 cm<br>Battery Information - 3 AA Batteries (not included)<br><br>Items included in the Package:<br>One Musical Toy<br>Country of Origin: China</p>",https://cdn.shopify.com/s/files/1/0828/1908/8689/products/electric-musical-upside-down-clown-joker-toys-dancing-toy-original-imagmmha6xmchrhe-PhotoRoom-Ph_4799_1_5618620f-febb-4df6-a5b4-197205f7e718.png?v=1694513762
,,,,,,,https://cdn.shopify.com/s/files/1/0828/1908/8689/products/6a73f6_573206391624468ea2ac67e8dbe12f3f_mv2_jpg_67a7421f-0c2b-454d-82f8-d498d8815891.webp?v=1694513762
,,,,,,,https://cdn.shopify.com/s/files/1/0828/1908/8689/products/6a73f6_0a6d9877aac64ca58c4cee195bcbca04_mv2_jpg_48381907-5522-43bf-b4fa-ee78b934d26f.webp?v=1694513762
,,,,,,,https://cdn.shopify.com/s/files/1/0828/1908/8689/products/6a73f6_826f65c1b30a4e70a326d617569b5ac2_mv2_jpg_e8833b3f-d52e-4dc9-b8fd-2c6102cf69f8.webp?v=1694513762
,,,,,,,https://cdn.shopify.com/s/files/1/0828/1908/8689/products/6a73f6_b004aa70e8364e5a91b0c3227dbaca5e_mv2_jpg_c5d588a6-ee88-4edf-9eec-781afa8990ab.webp?v=1694513762
,,,,,,,https://cdn.shopify.com/s/files/1/0828/1908/8689/products/6a73f6_bae8dba51bd54540a1d80fd335f4dfe1_mv2_jpg_fb8a364e-6513-4a5f-a018-86e35c7a2843.webp?v=1694513762
,,,,,,,https://cdn.shopify.com/s/files/1/0828/1908/8689/products/6a73f6_e00c4662199f4f07ad47bff8f96e516f_mv2_jpg_26d48463-4e27-452c-81b0-e3fd528ef006.webp?v=1694513762
,,,,,,,https://cdn.shopify.com/s/files/1/0828/1908/8689/products/6a73f6_a560d13ff2754cd7b6c547ebfff085af_mv2_jpg_a6550f6c-0777-4317-87e4-c577ba4226b2.webp?v=1694513762
,,,,,,,https://cdn.shopify.com/s/files/1/0828/1908/8689/products/electric-musical-upside-down-clown-joker-toys-dancing-toy-original-imagmmha6xmchrhe-PhotoRoom-1-_2563_9_a78a426b-af6c-4861-a040-cb23ba317720.png?v=1694513762
Childo Electric Musical Tricycle Bicycle Riding Boy with Flashing Light,Default Title,,,499,1699,"<ul>	<li>when the tricycle move forward for a while, it will rotate with light and music </li>	<li>the product includes colored LED light, it will flashign and sounding when rotating </li>	<li>the boy will step the foot switch and rock its body, looks very funny. </li>	<li>Rotate 360 Degrees and when meeting any obstacles, it will change the direction automatically. </li>	<li>This toy bicycle can be the Perfect gift for those who are Bicycle lovers.</li>
</ul>",https://cdn.shopify.com/s/files/1/0828/1908/8689/products/41CfacPXa1L.jpg?v=1694513749
,,,,,,,https://cdn.shopify.com/s/files/1/0828/1908/8689/products/51qOIkMC7sL.jpg?v=1694513749
,,,,,,,https://cdn.shopify.com/s/files/1/0828/1908/8689/products/51y-EUfMM5L.jpg?v=1694513749
,,,,,,,https://cdn.shopify.com/s/files/1/0828/1908/8689/products/61vP8oFJ4DL._SL1000.jpg?v=1694513749
,,,,,,,https://cdn.shopify.com/s/files/1/0828/1908/8689/products/51q_4i3hXbL.jpg?v=1694513749
Rainbow's Bullet Tricycle With Music And Light Baby Rideon Bike(RED),Default Title,,,499,2599,"<p>About this item </p><ul>	<li>MATERIAL: This Baby Tricycle is made up of STRONG Non-Toxic Harmless ABS Plastic ; IDEAL FOR KIDS of Age - 1 Years to 4 Years ; SUITABLE for Both Boys and Girls ; Weight Capacity - Upto 18 KG </li>	<li>COLOUR: Attractive Multi colour,Available in BLUE , PINK ,RED,ORANGE </li>	<li>WHEEL &amp; PEDALS: Large size anti skid,unbrakeable pedals and wheels </li>	<li>COMFORTABLE CURVED SEAT - Your Baby will have the most comfortable ride in this Musical Kids Tricycle Having a Curved Seat .</li>	<li>MUSICAL and LIGHTS: This Tricycle has Music and Lights on the HANDLE, which makes them happy. </li>	<li>IDEAL FOR : This is the best choice for gifting your kid on his/her birthday, definitely they will enjoy. </li>	<li>EASY TO ASSEMBLE - This Kids FunRide Tricycle comes Semi Assembled and will take hardly 5 mins to Assemble.</li>
</ul>",https://cdn.shopify.com/s/files/1/0828/1908/8689/products/electric-musical-upside-down-clown-joker-toys-dancing-toy-original-imagmmha6xmchrhe-PhotoRoom_10_-PhotoRoom.png?v=1694513740
,,,,,,,https://cdn.shopify.com/s/files/1/0828/1908/8689/products/61ds6lCJkEL._SL1280.jpg?v=1694513740
,,,,,,,https://cdn.shopify.com/s/files/1/0828/1908/8689/products/61dzTweZcOL._SL1280.jpg?v=1694513740
,,,,,,,https://cdn.shopify.com/s/files/1/0828/1908/8689/products/61K73Qr7O1L._SL1280.jpg?v=1694513740
,,,,,,,https://cdn.shopify.com/s/files/1/0828/1908/8689/products/61QyhDbWbcL._SL1280.jpg?v=1694513740
,,,,,,,https://cdn.shopify.com/s/files/1/0828/1908/8689/products/61sRSUSsa7L._SL1280.jpg?v=1694513740
,,,,,,,https://cdn.shopify.com/s/files/1/0828/1908/8689/products/61tbDn7JAbL._SL1280.jpg?v=1694513740
,,,,,,,https://cdn.shopify.com/s/files/1/0828/1908/8689/products/61wsJAU7FNL._SL1280.jpg?v=1694513740
,,,,,,,https://cdn.shopify.com/s/files/1/0828/1908/8689/products/61YV_LWiUiL._SL1280.jpg?v=1694513740
,,,,,,,https://cdn.shopify.com/s/files/1/0828/1908/8689/products/61ZakvP-NnL._SL1280.jpg?v=1694513740
Rainbow's Bullet Tricycle With Music And Light Baby Rideon Bike(Blue),Default Title,,,499,2599,"<p>About this item </p><ul>	<li>MATERIAL: This Baby Tricycle is made up of STRONG Non-Toxic Harmless ABS Plastic ; IDEAL FOR KIDS of Age - 1 Years to 4 Years ; SUITABLE for Both Boys and Girls ; Weight Capacity - Upto 18 KG </li>	<li>COLOUR: Attractive Multi colour,Available in BLUE , PINK ,RED,ORANGE </li>	<li>WHEEL &amp; PEDALS: Large size anti skid,unbrakeable pedals and wheels </li>	<li>COMFORTABLE CURVED SEAT - Your Baby will have the most comfortable ride in this Musical Kids Tricycle Having a Curved Seat .</li>	<li>MUSICAL and LIGHTS: This Tricycle has Music and Lights on the HANDLE, which makes them happy. </li>	<li>IDEAL FOR : This is the best choice for gifting your kid on his/her birthday, definitely they will enjoy. </li>	<li>EASY TO ASSEMBLE - This Kids FunRide Tricycle comes Semi Assembled and will take hardly 5 mins to Assemble.</li>
</ul>",https://cdn.shopify.com/s/files/1/0828/1908/8689/products/electric-musical-upside-down-clown-joker-toys-dancing-toy-original-imagmmha6xmchrhe-PhotoRoom_11_-PhotoRoom.png?v=1694513723
,,,,,,,https://cdn.shopify.com/s/files/1/0828/1908/8689/products/61mnxhSHKXL._SL1280.jpg?v=1694513723
,,,,,,,https://cdn.shopify.com/s/files/1/0828/1908/8689/products/61N8flk3o8L._SL1120.jpg?v=1694513723
,,,,,,,https://cdn.shopify.com/s/files/1/0828/1908/8689/products/61nOE6fpAiL._SL1280.jpg?v=1694513723
,,,,,,,https://cdn.shopify.com/s/files/1/0828/1908/8689/products/61GINKe6TzL._SL1280.jpg?v=1694513723
,,,,,,,https://cdn.shopify.com/s/files/1/0828/1908/8689/products/61yq_AUiBQL._SL1120.jpg?v=1694513723
,,,,,,,https://cdn.shopify.com/s/files/1/0828/1908/8689/products/71JqgLjnVrL._SL1280.jpg?v=1694513723
,,,,,,,https://cdn.shopify.com/s/files/1/0828/1908/8689/products/61zRMqZ1V4L._SL1280.jpg?v=1694513723
,,,,,,,https://cdn.shopify.com/s/files/1/0828/1908/8689/products/61bodrhm53L._SL1280.jpg?v=1694513723
,,,,,,,https://cdn.shopify.com/s/files/1/0828/1908/8689/products/616TPhbJcSL._SL1280.jpg?v=1694513723
Rainbow's Bullet Tricycle With Music And Light Baby Rideon Bike(Pink),Default Title,,,499,2599,"<p>About this item </p><ul>	<li>MATERIAL: This Baby Tricycle is made up of STRONG Non-Toxic Harmless ABS Plastic ; IDEAL FOR KIDS of Age - 1 Years to 4 Years ; SUITABLE for Both Boys and Girls ; Weight Capacity - Upto 18 KG </li>	<li>COLOUR: Attractive Multi colour,Available in BLUE , PINK ,RED,ORANGE </li>	<li>WHEEL &amp; PEDALS: Large size anti skid,unbrakeable pedals and wheels </li>	<li>COMFORTABLE CURVED SEAT - Your Baby will have the most comfortable ride in this Musical Kids Tricycle Having a Curved Seat .</li>	<li>MUSICAL and LIGHTS: This Tricycle has Music and Lights on the HANDLE, which makes them happy. </li>	<li>IDEAL FOR : This is the best choice for gifting your kid on his/her birthday, definitely they will enjoy. </li>	<li>EASY TO ASSEMBLE - This Kids FunRide Tricycle comes Semi Assembled and will take hardly 5 mins to Assemble.</li>
</ul>",https://cdn.shopify.com/s/files/1/0828/1908/8689/products/electric-musical-upside-down-clown-joker-toys-dancing-toy-original-imagmmha6xmchrhe-PhotoRoom_12_-PhotoRoom.png?v=1694513706
,,,,,,,https://cdn.shopify.com/s/files/1/0828/1908/8689/products/61AFPJRPGML._SL1280.jpg?v=1694513706
,,,,,,,https://cdn.shopify.com/s/files/1/0828/1908/8689/products/61OA8qt_NHL._SL1280.jpg?v=1694513706
,,,,,,,https://cdn.shopify.com/s/files/1/0828/1908/8689/products/61tvOX0vunL._SL1280.jpg?v=1694513706
,,,,,,,https://cdn.shopify.com/s/files/1/0828/1908/8689/products/71McwlGVTCL._SL1500.jpg?v=1694513706
,,,,,,,https://cdn.shopify.com/s/files/1/0828/1908/8689/products/614kvu3KN5L._SL1280.jpg?v=1694513706
,,,,,,,https://cdn.shopify.com/s/files/1/0828/1908/8689/products/619_DD0B6VL._SL1280.jpg?v=1694513706
Panda Happy Birthday Musical Tricycle Ride-on For Boys and Girls(Blue),Default Title,,,499,2999,"<p>About this item </p><ul>	<li>MATERIAL: This Baby Tricycle is made up of STRONG Non-Toxic Harmless ABS Plastic </li>	<li>HAPPY BIRTHDAY Ride-On Is A Brightly Coloured And Visually Appealing Ride-On Tricycle. This Toddler Riding Toy Can Be Used Indoors &amp; Outdoors It Builds Sense of Coordination, Balance &amp; Motor Skills In Kids </li>	<li>COMFORTABLE SEAT - Your Baby will have the most comfortable ride in this Musical Kids Tricycle Having a Curved Seat with Backrest which keeps your Little one in a good Posture while riding. </li>	<li>MUSICAL and LIGHTS: These Tricycles for Kids has Music and Lights on the HANDLE, which makes them enjoy their Ride. </li>	<li>WONDERFUL GIFT - It is an ideal present for your kid's birthday. They will love to ride on the tri-cycle </li>	<li>IDEAL FOR KIDS of Age - 1 Year to 4 Years ; SUITABLE for Both Boys and Girls ; Weight Capacity - Up to 18 KG</li>
</ul>",https://cdn.shopify.com/s/files/1/0828/1908/8689/products/IMG_6582-PhotoRoom.png-PhotoRoom.png?v=1694513694
,,,,,,,https://cdn.shopify.com/s/files/1/0828/1908/8689/products/IMG_6589-PhotoRoom.png-PhotoRoom.png?v=1694513694
,,,,,,,https://cdn.shopify.com/s/files/1/0828/1908/8689/products/IMG_6595-PhotoRoom.png-PhotoRoom.png?v=1694513694
,,,,,,,https://cdn.shopify.com/s/files/1/0828/1908/8689/products/IMG_6581-PhotoRoom.png-PhotoRoom.png?v=1694513694
,,,,,,,https://cdn.shopify.com/s/files/1/0828/1908/8689/products/IMG_6591-PhotoRoom.png-PhotoRoom.png?v=1694513694
,,,,,,,https://cdn.shopify.com/s/files/1/0828/1908/8689/products/613dg-BmjCL._SL1500.jpg?v=1694513694
,,,,,,,https://cdn.shopify.com/s/files/1/0828/1908/8689/products/41dhud58YrL.jpg?v=1694513694
Panda Happy Birthday Musical Tricycle Ride-on For Boys and Girls(Red),Default Title,,,499,2999,"<p>About this item </p><ul>	<li>MATERIAL: This Baby Tricycle is made up of STRONG Non-Toxic Harmless ABS Plastic </li>	<li>HAPPY BIRTHDAY Ride-On Is A Brightly Coloured And Visually Appealing Ride-On Tricycle. This Toddler Riding Toy Can Be Used Indoors &amp; Outdoors It Builds Sense of Coordination, Balance &amp; Motor Skills In Kids </li>	<li>COMFORTABLE SEAT - Your Baby will have the most comfortable ride in this Musical Kids Tricycle Having a Curved Seat with Backrest which keeps your Little one in a good Posture while riding. </li>	<li>MUSICAL and LIGHTS: These Tricycles for Kids has Music and Lights on the HANDLE, which makes them enjoy their Ride. </li>	<li>WONDERFUL GIFT - It is an ideal present for your kid's birthday. They will love to ride on the tri-cycle </li>	<li>IDEAL FOR KIDS of Age - 1 Year to 4 Years ; SUITABLE for Both Boys and Girls ; Weight Capacity - Up to 18 KG</li>
</ul>",https://cdn.shopify.com/s/files/1/0828/1908/8689/products/IMG_6516-min-PhotoRoom.png-PhotoRoom.png?v=1694513680
,,,,,,,https://cdn.shopify.com/s/files/1/0828/1908/8689/products/IMG_6544-min-PhotoRoom.png-PhotoRoom.png?v=1694513680
,,,,,,,https://cdn.shopify.com/s/files/1/0828/1908/8689/products/IMG_6536-min-PhotoRoom.png-PhotoRoom.png?v=1694513680
,,,,,,,https://cdn.shopify.com/s/files/1/0828/1908/8689/products/IMG_6534-min-PhotoRoom.png-PhotoRoom.png?v=1694513680
,,,,,,,https://cdn.shopify.com/s/files/1/0828/1908/8689/products/IMG_6518-min-PhotoRoom.png-PhotoRoom.png?v=1694513680
,,,,,,,https://cdn.shopify.com/s/files/1/0828/1908/8689/products/IMG_6538-min-PhotoRoom.png-PhotoRoom.png?v=1694513680
,,,,,,,https://cdn.shopify.com/s/files/1/0828/1908/8689/products/IMG_6530-min-PhotoRoom.png-PhotoRoom.png?v=1694513680
,,,,,,,https://cdn.shopify.com/s/files/1/0828/1908/8689/products/61mbcjMcuJL._SL1065.jpg?v=1694513681
,,,,,,,https://cdn.shopify.com/s/files/1/0828/1908/8689/products/41at_hRhPRL.jpg?v=1694513681
Panda Happy Birthday Musical Tricycle Ride-on For Boys and Girls(Yellow),Default Title,,,499,,"<p>About this item </p><ul>	<li>MATERIAL: This Baby Tricycle is made up of STRONG Non-Toxic Harmless ABS Plastic </li>	<li>HAPPY BIRTHDAY Ride-On Is A Brightly Coloured And Visually Appealing Ride-On Tricycle. This Toddler Riding Toy Can Be Used Indoors &amp; Outdoors It Builds Sense of Coordination, Balance &amp; Motor Skills In Kids </li>	<li>COMFORTABLE SEAT - Your Baby will have the most comfortable ride in this Musical Kids Tricycle Having a Curved Seat with Backrest which keeps your Little one in a good Posture while riding. </li>	<li>MUSICAL and LIGHTS: These Tricycles for Kids has Music and Lights on the HANDLE, which makes them enjoy their Ride. </li>	<li>WONDERFUL GIFT - It is an ideal present for your kid's birthday. They will love to ride on the tri-cycle </li>	<li>IDEAL FOR KIDS of Age - 1 Year to 4 Years ; SUITABLE for Both Boys and Girls ; Weight Capacity - Up to 18 KG</li>
</ul>",https://cdn.shopify.com/s/files/1/0828/1908/8689/products/IMG_6616-PhotoRoom.png-PhotoRoom.png?v=1694513654
,,,,,,,https://cdn.shopify.com/s/files/1/0828/1908/8689/products/IMG_6625-PhotoRoom.png-PhotoRoom.png?v=1694513654
,,,,,,,https://cdn.shopify.com/s/files/1/0828/1908/8689/products/416JU8uygPL.jpg?v=1694513654
,,,,,,,https://cdn.shopify.com/s/files/1/0828/1908/8689/products/IMG_6605-PhotoRoom.png-PhotoRoom.png?v=1694513654
,,,,,,,https://cdn.shopify.com/s/files/1/0828/1908/8689/products/IMG_6616-PhotoRoom.png-PhotoRoom-2.png?v=1694513654
Rainbow's Bullet Tricycle With Music And Light Baby Rideon Bike(Yellow),Default Title,,,499,2566,"<p>About this item </p><ul>	<li>MATERIAL: This Baby Tricycle is made up of STRONG Non-Toxic Harmless ABS Plastic ; IDEAL FOR KIDS of Age - 1 Years to 4 Years ; SUITABLE for Both Boys and Girls ; Weight Capacity - Upto 18 KG </li>	<li>COLOUR: Attractive Multi colour,Available in BLUE , PINK ,RED,ORANGE </li>	<li>WHEEL &amp; PEDALS: Large size anti skid,unbrakeable pedals and wheels </li>	<li>COMFORTABLE CURVED SEAT - Your Baby will have the most comfortable ride in this Musical Kids Tricycle Having a Curved Seat .</li>	<li>MUSICAL and LIGHTS: This Tricycle has Music and Lights on the HANDLE, which makes them happy. </li>	<li>IDEAL FOR : This is the best choice for gifting your kid on his/her birthday, definitely they will enjoy. </li>	<li>EASY TO ASSEMBLE - This Kids FunRide Tricycle comes Semi Assembled and will take hardly 5 mins to Assemble.</li>
</ul>",https://cdn.shopify.com/s/files/1/0828/1908/8689/products/electric-musical-upside-down-clown-joker-toys-dancing-toy-original-imagmmha6xmchrhe-PhotoRoom_7_-PhotoRoom_f5a7c0b9-eece-48c3-98ac-dc4e23d4e38d.png?v=1694513645
,,,,,,,https://cdn.shopify.com/s/files/1/0828/1908/8689/products/61GpOFmvqJL._SL1280.jpg?v=1694513645
,,,,,,,https://cdn.shopify.com/s/files/1/0828/1908/8689/products/61p2pU0ST8L._SL1280.jpg?v=1694513645
,,,,,,,https://cdn.shopify.com/s/files/1/0828/1908/8689/products/61rXCSf2xpL._SL1280.jpg?v=1694513645
,,,,,,,https://cdn.shopify.com/s/files/1/0828/1908/8689/products/61UpfdV70pL._SL1280.jpg?v=1694513645
,,,,,,,https://cdn.shopify.com/s/files/1/0828/1908/8689/products/61vYJHW7obL._SL1280.jpg?v=1694513645
,,,,,,,https://cdn.shopify.com/s/files/1/0828/1908/8689/products/71nXmsem9qL._SL1500.jpg?v=1694513645
,,,,,,,https://cdn.shopify.com/s/files/1/0828/1908/8689/products/618qcWww4nL._SL1280.jpg?v=1694513645
,,,,,,,https://cdn.shopify.com/s/files/1/0828/1908/8689/products/7151beXoV2L._SL1280.jpg?v=1694513645
Luusa R1 Tricycle For Kids 3 In 1 Baby Tricycle For 1 - 4 Years Kids Carrying Capacity Upto 30kgs (Blue),Default Title,,,499,3999,"<h1 class=""a-size-base-plus a-text-bold"">About this item</h1>
<ul class=""a-unordered-list a-vertical a-spacing-mini"">
<li class=""a-spacing-mini""><span class=""a-list-item"">Comfortable and Safe: The tricycle comes with a cushioned seat, safety harness, and puncture-proof EVA wheels, providing a comfortable and safe ride for your child. </span></li>
<li class=""a-spacing-mini""><span class=""a-list-item"">Convenient Dual Storage Space: The tricycle has a rear basket and a front storage bin, allowing you to keep your child's belongings, snacks, and drinks handy while on the go. </span></li>
<li class=""a-spacing-mini""><span class=""a-list-item"">Parent Handle for Control: The tricycle features a parent handle that allows you to steer and control the tricycle, making it a perfect choice for younger children who are not yet capable of riding independently. </span></li>
<li class=""a-spacing-mini""><span class=""a-list-item"">Durable and Stylish: The Poppins R1 Tricycle is a reliable and durable tricycle designed with your child's safety and comfort in mind. With its innovative design and stylish looks, it's sure to be a hit with both parents and children alike. </span></li>
<li class=""a-spacing-mini""><span class=""a-list-item"">Adjustable Parent Handle: Now it is very easy to adjust the height of your parent handle according to your height with 3 modes for extra comfort</span></li>
</ul>
<p>Specifications</p>
<p>In The Box</p>
<p>R1 3 in 1 Tricycle For Kids, Baby Tricycle For 1-4 Years With Rubber Wheels, Baby Tricycle Parental Control Handle(Yellow)</p>
<p>1 Tricycle</p>
<table>
<tbody>
<tr>
<td>General</td>
<td> </td>
</tr>
<tr>
<td>Model Name</td>
<td>Baby Girl &amp; Boys 3 in 1 Tricycle For Kids</td>
</tr>
<tr>
<td>Type</td>
<td>Tricycle</td>
</tr>
<tr>
<td>Ideal For</td>
<td>Baby Girls, Baby Boys Tricycle</td>
</tr>
<tr>
<td>Age Group</td>
<td>1 - 4 years</td>
</tr>
<tr>
<td>Maximum User Weight</td>
<td>20 - 25 kg</td>
</tr>
<tr>
<td>Color</td>
<td>Blue</td>
</tr>
<tr>
<td>Delivery  Condition</td>
<td>DIY (Do-It-Yourself)</td>
</tr>
<tr>
<td>Material</td>
<td>Steel</td>
</tr>
<tr>
<td>Bell Present</td>
<td>Yes</td>
</tr>
<tr>
<td>Convenience Features</td>
<td> </td>
</tr>
<tr>
<td>Footboard</td>
<td>Yes</td>
</tr>
<tr>
<td>Seat Belt</td>
<td>Yes</td>
</tr>
<tr>
<td>Storage Compartment</td>
<td>Yes</td>
</tr>
<tr>
<td>Parent Handle Control</td>
<td>Yes</td>
</tr>
<tr>
<td>More Details</td>
<td> </td>
</tr>
<tr>
<td>Dimensions</td>
<td>60 x 40 x 70 cm</td>
</tr>
<tr>
<td>Item Weight</td>
<td>2 kg</td>
</tr>
<tr>
<td>Generic Name</td>
<td>R1 3 in 1 Tricycle For Kids, Baby Tricycle For 1-4 Years, Baby Girls &amp; Boys Tricycle For kids</td>
</tr>
<tr>
<td>Country Origin</td>
<td>India<br>  </td>
</tr>
</tbody>
</table>",https://cdn.shopify.com/s/files/1/0828/1908/8689/products/electric-musical-upside-down-clown-joker-toys-dancing-toy-original-imagmmha6xmchrhe-PhotoRoom-11_2166_1_98eb9c04-fbf7-445c-9c76-b2cbfd909d00.png?v=1694513630
,,,,,,,https://cdn.shopify.com/s/files/1/0828/1908/8689/products/618J-1-57sL-SL1500-1300x-jpg-webp_2_4c8d7518-648b-48e1-a610-cf367dc8abf2.jpg?v=1694513630
,,,,,,,https://cdn.shopify.com/s/files/1/0828/1908/8689/products/71sm2X2hZXL-SL1500-1300x-jpg-webp_3_80411e1f-35a5-400f-a64f-59600bd5fe6d.jpg?v=1694513630
,,,,,,,https://cdn.shopify.com/s/files/1/0828/1908/8689/products/2-in-1-kids-tricycle-cycle-for-kids-with-parental-push-handle-original-imagfppyhh2sdzge.jpg?v=1694513630
,,,,,,,https://cdn.shopify.com/s/files/1/0828/1908/8689/products/2-in-1-kids-tricycle-cycle-for-kids-with-parental-push-handle-original-imagfppyhhxyzgyc.jpg?v=1694513630
,,,,,,,https://cdn.shopify.com/s/files/1/0828/1908/8689/products/2-in-1-kids-tricycle-cycle-for-kids-with-parental-push-handle-original-imagfppy2pzgjxen.jpg?v=1694513630
,,,,,,,https://cdn.shopify.com/s/files/1/0828/1908/8689/products/2-in-1-kids-tricycle-cycle-for-kids-with-parental-push-handle-original-imagfppyygcyrmzh.jpg?v=1694513630
,,,,,,,https://cdn.shopify.com/s/files/1/0828/1908/8689/products/2-in-1-kids-tricycle-cycle-for-kids-with-parental-push-handle-original-imagfppyz7hge3qq.jpg?v=1694513630
,,,,,,,https://cdn.shopify.com/s/files/1/0828/1908/8689/products/Luusa-R1-Tricycle_cover1_7e126c3a-f113-46d5-8331-4d1138779282.jpg?v=1694513630
,,,,,,,https://cdn.shopify.com/s/files/1/0828/1908/8689/products/Luusa-R1-Tricycle_cover2_2f5d6736-016c-4e14-a427-dc3b266565d1.jpg?v=1694513630
,,,,,,,https://cdn.shopify.com/s/files/1/0828/1908/8689/products/electric-musical-upside-down-clown-joker-toys-dancing-toy-original-imagmmha6xmchrhe-PhotoRoom-12_6603_11_b52c8c1f-0bbd-498b-bed2-ea584518efc8.png?v=1694513630
,,,,,,,https://cdn.shopify.com/s/files/1/0828/1908/8689/products/2-in-1-kids-tricycle-cycle-for-kids-with-parental-push-handle-original-imagfppyqqxzkebp.jpg?v=1694513630
Luusa R1 Tricycle For Kids 3 In 1 Baby Tricycle For 1 - 4 Years Kids Carrying Capacity Upto 30kgs (Red),Default Title,,,499,3999,"<div>
<h1 class=""a-size-base-plus a-text-bold"">About this item</h1>
</div>
<ul class=""a-unordered-list a-vertical a-spacing-mini"">
<li class=""a-spacing-mini""><span class=""a-list-item"">Comfortable and Safe: The tricycle comes with a cushioned seat, safety harness, and puncture-proof EVA wheels, providing a comfortable and safe ride for your child. </span></li>
<li class=""a-spacing-mini""><span class=""a-list-item"">Convenient Dual Storage Space: The tricycle has a rear basket and a front storage bin, allowing you to keep your child's belongings, snacks, and drinks handy while on the go. </span></li>
<li class=""a-spacing-mini""><span class=""a-list-item"">Parent Handle for Control: The tricycle features a parent handle that allows you to steer and control the tricycle, making it a perfect choice for younger children who are not yet capable of riding independently. </span></li>
<li class=""a-spacing-mini""><span class=""a-list-item"">Durable and Stylish: The Poppins R1 Tricycle is a reliable and durable tricycle designed with your child's safety and comfort in mind. With its innovative design and stylish looks, it's sure to be a hit with both parents and children alike. </span></li>
<li class=""a-spacing-mini""><span class=""a-list-item"">Adjustable Parent Handle: Now it is very easy to adjust the height of your parent handle according to your height with 3 modes for extra comfort</span></li>
</ul>
<p>Specifications</p>
<p>In The Box</p>
<p>R1 3 in 1 Tricycle For Kids, Baby Tricycle For 1-4 Years With Rubber Wheels, Baby Tricycle Parental Control Handle(Red)</p>
<p>1 Tricycle</p>
<p> </p>
<table>
<tbody>
<tr>
<td> </td>
<td> </td>
</tr>
<tr>
<td>Model Name</td>
<td>Baby Girl &amp; Boys 3 in 1 Tricycle For Kids</td>
</tr>
<tr>
<td>Type</td>
<td>Tricycle</td>
</tr>
<tr>
<td>Ideal For</td>
<td>Baby Girls, Baby Boys Tricycle</td>
</tr>
<tr>
<td>Age Group</td>
<td>1 - 4 years</td>
</tr>
<tr>
<td>Maximum User Weight</td>
<td>20 - 25 kg</td>
</tr>
<tr>
<td>Color</td>
<td>Red</td>
</tr>
<tr>
<td>Delivery  Condition</td>
<td>DIY (Do-It-Yourself)</td>
</tr>
<tr>
<td>Material</td>
<td>Steel</td>
</tr>
<tr>
<td> Bell Present</td>
<td>Yes</td>
</tr>
<tr>
<td>Convenience Features</td>
<td> </td>
</tr>
<tr>
<td>Footboard</td>
<td>Yes</td>
</tr>
<tr>
<td>Seat Belt</td>
<td>Yes</td>
</tr>
<tr>
<td>Storage Compartment</td>
<td>Yes</td>
</tr>
<tr>
<td>Parent Handle Control</td>
<td>Yes</td>
</tr>
<tr>
<td>More Details</td>
<td> </td>
</tr>
<tr>
<td>Dimensions</td>
<td>60 x 40 x 70 cm</td>
</tr>
<tr>
<td>Item Weight</td>
<td>3 kg</td>
</tr>
<tr>
<td>Generic Name</td>
<td>R1 3 in 1 Tricycle For Kids, Baby Tricycle For 1-4 Years, Baby Girls &amp; Boys Tricycle For kids</td>
</tr>
<tr>
<td>Country Origin</td>
<td>India</td>
</tr>
</tbody>
</table>",https://cdn.shopify.com/s/files/1/0828/1908/8689/products/electric-musical-upside-down-clown-joker-toys-dancing-toy-original-imagmmha6xmchrhe-PhotoRoom-11_2281_1_eeab37c6-d718-4f0e-9c0f-e868293f9f54.png?v=1694513611
,,,,,,,https://cdn.shopify.com/s/files/1/0828/1908/8689/products/r1-lussa-goodluck-baybee-original-imag665zxx3eyahh.jpg?v=1694513611
,,,,,,,https://cdn.shopify.com/s/files/1/0828/1908/8689/products/r1-lussa-goodluck-baybee-original-imag665zyytaczzf.jpg?v=1694513611
,,,,,,,https://cdn.shopify.com/s/files/1/0828/1908/8689/products/r1-lussa-goodluck-baybee-original-imag665z4vbahz9y.jpg?v=1694513611
,,,,,,,https://cdn.shopify.com/s/files/1/0828/1908/8689/products/4c81f7465c0013229c1f6af8745757ec-2.jpg?v=1694513611
,,,,,,,https://cdn.shopify.com/s/files/1/0828/1908/8689/products/r1-lussa-goodluck-baybee-original-imag665zanjsgajf.jpg?v=1694513611
,,,,,,,https://cdn.shopify.com/s/files/1/0828/1908/8689/products/701aadd62867764bd474401721cf3a5d.jpg?v=1694513611
,,,,,,,https://cdn.shopify.com/s/files/1/0828/1908/8689/products/Luusa-R1-Tricycle_Red.jpg?v=1694513611
,,,,,,,https://cdn.shopify.com/s/files/1/0828/1908/8689/products/984e51fb3594a9121165b656a9e80e43.jpg?v=1694513611
,,,,,,,https://cdn.shopify.com/s/files/1/0828/1908/8689/products/Luusa-R1-Tricycle_cover1.jpg?v=1694513611
,,,,,,,https://cdn.shopify.com/s/files/1/0828/1908/8689/products/Luusa-R1-Tricycle_cover2.jpg?v=1694513611
,,,,,,,https://cdn.shopify.com/s/files/1/0828/1908/8689/products/r1-lussa-goodluck-baybee-original-imag665zyytaczzfBackgroundRemoved-_12_85f27170-5881-4f49-ad55-63aa733104fb.png?v=1694513611
Luusa GT500 Hooded Tricycle Plug N Play Kids / Baby Tricycle with Parental Control (Yellow),Default Title,,,499,3800,"<p><u>Specifications </u></p>
<ul>
<li>Parental Control: No more backaches and running behind the kids !! Control their total movement. It comes with a 3 level height adjustment. </li>
<li>Cushion Seat: Super comfy HD foam and aesthetically designed cushion seat. </li>
<li>Safety Harness: Safety comes first for all the parents and with cushioned guard rail, your kid is safe and secure. </li>
<li> Dual Storage Space: To keep your wallet, or keys, a toy maybe, or a Mobile phone. </li>
<li> EVA Wheels: Superior grip on all sorts of surfaces, be it rough roads or Italian marble. </li>
<li>Fold-able and Rotate-able Footrest: The Footrest can be adjusted as per the requirement. And Many More..... </li>
<li>It is not just about the height or length that matters in a cycle, it is the complete dimension that makes a cycle PERFECT.</li>
</ul>",https://cdn.shopify.com/s/files/1/0828/1908/8689/products/electric-musical-upside-down-clown-joker-toys-dancing-toy-original-imagmmha6xmchrhe-PhotoRoom-6-_5593_1_b0d221ac-99a8-4624-914f-0b3b97c28b08.png?v=1694513593
,,,,,,,https://cdn.shopify.com/s/files/1/0828/1908/8689/products/81pWuzoK3mL-SL1500-_2_aec7cb8a-e8ed-4618-b32c-51e36bd69b23.jpg?v=1694513593
,,,,,,,https://cdn.shopify.com/s/files/1/0828/1908/8689/products/81pk2O3GyVL-SL1500-_3_18207ec5-9fe7-47f2-acc9-332b29f64877.jpg?v=1694513593
,,,,,,,https://cdn.shopify.com/s/files/1/0828/1908/8689/products/81W4sqm11WL-SL1500-_4_0349dd93-c974-40a8-af13-182d06bc1bc7.jpg?v=1694513593
,,,,,,,https://cdn.shopify.com/s/files/1/0828/1908/8689/products/81dXPeq8jSL-SL1500-_5_b5780442-8f58-4581-8975-22cf323b7ec0.jpg?v=1694513593
,,,,,,,https://cdn.shopify.com/s/files/1/0828/1908/8689/products/4bf0419ee9069345bac2445c9d797914.jpg?v=1694513593
,,,,,,,https://cdn.shopify.com/s/files/1/0828/1908/8689/products/0207fbc431003a58548e67c35f4ef6a3.jpg?v=1694513593
Luusa GT 500 Hooded Tricycle Plug N Play Kids / Baby Tricycle with Parental Control (Red),Default Title,,,499,3800,"<p><u>Specifications </u></p>
<ul>
<li>Parental Control: No more backaches and running behind the kids !! Control their total movement. It comes with a 3 level height adjustment. </li>
<li>Cushion Seat: Super comfy HD foam and aesthetically designed cushion seat. </li>
<li>Safety Harness: Safety comes first for all the parents and with cushioned guard rail, your kid is safe and secure. </li>
<li> Dual Storage Space: To keep your wallet, or keys, a toy maybe, or a Mobile phone. </li>
<li> EVA Wheels: Superior grip on all sorts of surfaces, be it rough roads or Italian marble. </li>
<li>Fold-able and Rotate-able Footrest: The Footrest can be adjusted as per the requirement. And Many More..... </li>
<li>It is not just about the height or length that matters in a cycle, it is the complete dimension that makes a cycle PERFECT.</li>
</ul>",https://cdn.shopify.com/s/files/1/0828/1908/8689/products/electric-musical-upside-down-clown-joker-toys-dancing-toy-original-imagmmha6xmchrhe-PhotoRoom-7-_240_1_aebb8176-35b3-4718-a27d-58909c85daf8.png?v=1694513582
,,,,,,,https://cdn.shopify.com/s/files/1/0828/1908/8689/products/81JQT6bfLUL-SL1500-_2_94aee942-8494-40fc-af8a-39a91a535e2c.jpg?v=1694513582
,,,,,,,https://cdn.shopify.com/s/files/1/0828/1908/8689/products/812cpjX6oEL-SL1500-_3_b4135974-2140-4cb1-af93-21c56f29c56c.jpg?v=1694513582
,,,,,,,https://cdn.shopify.com/s/files/1/0828/1908/8689/products/81bLNzX-6YL-SL1500-_4_0b7b576d-dea1-4c72-9408-e2852e30fb50.jpg?v=1694513582
,,,,,,,https://cdn.shopify.com/s/files/1/0828/1908/8689/products/91MCwtuRnOL-SL1500-_5_ca632d64-192a-496f-8531-681e18ac32c5.jpg?v=1694513582
,,,,,,,https://cdn.shopify.com/s/files/1/0828/1908/8689/products/81Z0ANVxPsL-SL1500-_6_69e4a789-0078-43a9-9be7-6450c51476fa.jpg?v=1694513582
,,,,,,,https://cdn.shopify.com/s/files/1/0828/1908/8689/products/71Q8AvZl4EL-SL1500-_7_49f28393-f56c-4d33-b401-aef2619397af.jpg?v=1694513582
Luusa GT 500 Hooded Tricycle Plug N Play Tricycle Kids With Parental Control (Black),Default Title,,,499,3800,"<p><u>Specifications </u></p>
<ul>
<li>Parental Control: No more backaches and running behind the kids !! Control their total movement. It comes with a 3 level height adjustment. </li>
<li>Cushion Seat: Super comfy HD foam and aesthetically designed cushion seat. </li>
<li>Safety Harness: Safety comes first for all the parents and with cushioned guard rail, your kid is safe and secure. </li>
<li> Dual Storage Space: To keep your wallet, or keys, a toy maybe, or a Mobile phone. </li>
<li> EVA Wheels: Superior grip on all sorts of surfaces, be it rough roads or Italian marble. </li>
<li>Fold-able and Rotate-able Footrest: The Footrest can be adjusted as per the requirement. And Many More..... </li>
<li>It is not just about the height or length that matters in a cycle, it is the complete dimension that makes a cycle PERFECT.</li>
</ul>",https://cdn.shopify.com/s/files/1/0828/1908/8689/products/61V8R-z9ZbL._SL1080.jpg?v=1694513570
,,,,,,,https://cdn.shopify.com/s/files/1/0828/1908/8689/products/61b17hl2vlL._SL1080.jpg?v=1694513570
,,,,,,,https://cdn.shopify.com/s/files/1/0828/1908/8689/products/61nR_wcM4JL._SL1080.jpg?v=1694513570
,,,,,,,https://cdn.shopify.com/s/files/1/0828/1908/8689/products/61S9FbEoTZL._SL1080.jpg?v=1694513570
,,,,,,,https://cdn.shopify.com/s/files/1/0828/1908/8689/products/516_AcX1NrL._SL1080.jpg?v=1694513570
Panda Himalayan Tricycle for Kids - Comet Scooter(Red),Default Title,,,499,3699,"<ul>	<li>Tricycle for Kids, Baby Cycle, Kids Cycle, Tricycle for Kids for 2 Years to 5 Years with Under Seat Storage, Light and Music (Capacity 30Kg </li>	<li>Himalayan Bike Rider Tricycle -On Is A Brightly Coloured And Visually Appealing Ride-On Tricycle. This Toddler Riding Toy Can Be Used Indoors &amp; Outdoors It Builds Sense of Coordination, Balance &amp; Motor Skills In Kids </li>	<li>COMFORTABLE SEAT - Your Baby will have the most comfortable ride in this Musical Kids Tricycle Having a Curved Seat with Backrest which keeps your Little one in a good Posture while riding. </li>	<li>IDEAL FOR KIDS of Age - 2 Year to 10 Years ; SUITABLE for Both Boys and Girls ; Weight Capacity - Up to 30 KG </li>	<li>MUSICAL and LIGHTS: These Himalayan Bike Rider Tricycles for Kids has Music and Lights on the HANDLE, which makes them enjoy their Ride. </li>	<li>WONDERFUL GIFT - It is an ideal present for your kid's birthday. They will love to ride on the tri-cycle</li>
</ul>",https://cdn.shopify.com/s/files/1/0828/1908/8689/products/electric-musical-upside-down-clown-joker-toys-dancing-toy-original-imagmmha6xmchrhe-PhotoRoom_6_-PhotoRoom.png?v=1694513562
,,,,,,,https://cdn.shopify.com/s/files/1/0828/1908/8689/products/himalayan61PA4lQ32xL._SL1500_-min.jpg?v=1694513562
,,,,,,,https://cdn.shopify.com/s/files/1/0828/1908/8689/products/himalayan61YEAf7sifL._SL1500_-2-min.jpg?v=1694513562
,,,,,,,https://cdn.shopify.com/s/files/1/0828/1908/8689/products/himalayan61YXIwQjCtL._SL1500_-min.jpg?v=1694513562
,,,,,,,https://cdn.shopify.com/s/files/1/0828/1908/8689/products/himalayan61YEAf7sifL._SL1500_-min.jpg?v=1694513562
,,,,,,,https://cdn.shopify.com/s/files/1/0828/1908/8689/products/himalayan61UFW0F6k8L._SL1500_-min.jpg?v=1694513562
Panda Himalayan Tricycle for Kids - Comet Scooter (White),Default Title,,,499,2499,"<ul>	<li>Tricycle for Kids, Baby Cycle, Kids Cycle, Tricycle for Kids for 2 Years to 5 Years with Under Seat Storage, Light and Music (Capacity 30Kg </li>	<li>Himalayan Bike Rider Tricycle -On Is A Brightly Coloured And Visually Appealing Ride-On Tricycle. This Toddler Riding Toy Can Be Used Indoors &amp; Outdoors It Builds Sense of Coordination, Balance &amp; Motor Skills In Kids </li>	<li>COMFORTABLE SEAT - Your Baby will have the most comfortable ride in this Musical Kids Tricycle Having a Curved Seat with Backrest which keeps your Little one in a good Posture while riding. </li>	<li>IDEAL FOR KIDS of Age - 2 Year to 10 Years ; SUITABLE for Both Boys and Girls ; Weight Capacity - Up to 30 KG </li>	<li>MUSICAL and LIGHTS: These Himalayan Bike Rider Tricycles for Kids has Music and Lights on the HANDLE, which makes them enjoy their Ride. </li>	<li>WONDERFUL GIFT - It is an ideal present for your kid's birthday. They will love to ride on the tri-cycle</li>
</ul>",https://cdn.shopify.com/s/files/1/0828/1908/8689/products/electric-musical-upside-down-clown-joker-toys-dancing-toy-original-imagmmha6xmchrhe-PhotoRoom_7_-PhotoRoom.png?v=1694513552
,,,,,,,https://cdn.shopify.com/s/files/1/0828/1908/8689/products/himalayan51UJ4NQm2bL._SL1024_-min.jpg?v=1694513552
,,,,,,,https://cdn.shopify.com/s/files/1/0828/1908/8689/products/himalayan41xBgrKEwTL-min.jpg?v=1694513552
,,,,,,,https://cdn.shopify.com/s/files/1/0828/1908/8689/products/himalayan41EbNCUFAVL-min.jpg?v=1694513552
,,,,,,,https://cdn.shopify.com/s/files/1/0828/1908/8689/products/himalayan41Fe3nqYlqL-min.jpg?v=1694513552
,,,,,,,https://cdn.shopify.com/s/files/1/0828/1908/8689/products/himalayan41_sdNyOGNL-min.jpg?v=1694513552
Panda Himalayan Tricycle for Kids - Comet Scooter(Yellow),Default Title,,,499,2499,"<ul>	<li>Tricycle for Kids, Baby Cycle, Kids Cycle, Tricycle for Kids for 2 Years to 5 Years with Under Seat Storage, Light and Music (Capacity 30Kg </li>	<li>Himalayan Bike Rider Tricycle -On Is A Brightly Coloured And Visually Appealing Ride-On Tricycle. This Toddler Riding Toy Can Be Used Indoors &amp; Outdoors It Builds Sense of Coordination, Balance &amp; Motor Skills In Kids </li>	<li>COMFORTABLE SEAT - Your Baby will have the most comfortable ride in this Musical Kids Tricycle Having a Curved Seat with Backrest which keeps your Little one in a good Posture while riding. </li>	<li>IDEAL FOR KIDS of Age - 2 Year to 10 Years ; SUITABLE for Both Boys and Girls ; Weight Capacity - Up to 30 KG </li>	<li>MUSICAL and LIGHTS: These Himalayan Bike Rider Tricycles for Kids has Music and Lights on the HANDLE, which makes them enjoy their Ride. </li>	<li>WONDERFUL GIFT - It is an ideal present for your kid's birthday. They will love to ride on the tri-cycle</li>
</ul>",https://cdn.shopify.com/s/files/1/0828/1908/8689/products/himalayan51b_PnKJgLL._SL1024_-min_0a89d15d-e481-485d-90f4-72f9915704d7.jpg?v=1694513541
,,,,,,,https://cdn.shopify.com/s/files/1/0828/1908/8689/products/himalayan41-04j_kJRL-min.jpg?v=1694513541
,,,,,,,https://cdn.shopify.com/s/files/1/0828/1908/8689/products/himalayan31ppsJs9c0L-min.jpg?v=1694513541
,,,,,,,https://cdn.shopify.com/s/files/1/0828/1908/8689/products/himalayan4199s42CFBL-min.jpg?v=1694513541
,,,,,,,https://cdn.shopify.com/s/files/1/0828/1908/8689/products/himalayan41FmUHyr_7L-min.jpg?v=1694513541
,,,,,,,https://cdn.shopify.com/s/files/1/0828/1908/8689/products/himalayan41HHu1Mem2L-min.jpg?v=1694513541
,,,,,,,https://cdn.shopify.com/s/files/1/0828/1908/8689/products/himalayan41kHs6Xg2eL-min.jpg?v=1694513542
,,,,,,,https://cdn.shopify.com/s/files/1/0828/1908/8689/products/himalayan51b_PnKJgLL._SL1024_-min.jpg?v=1694513542
Panda Himalayan Tricycle for Kids - Comet Scooter(Blue),Default Title,,,499,3499,"<ul>	<li>Tricycle for Kids, Baby Cycle, Kids Cycle, Tricycle for Kids for 2 Years to 5 Years with Under Seat Storage, Light and Music (Capacity 30Kg </li>	<li>Himalayan Bike Rider Tricycle -On Is A Brightly Coloured And Visually Appealing Ride-On Tricycle. This Toddler Riding Toy Can Be Used Indoors &amp; Outdoors It Builds Sense of Coordination, Balance &amp; Motor Skills In Kids </li>	<li>COMFORTABLE SEAT - Your Baby will have the most comfortable ride in this Musical Kids Tricycle Having a Curved Seat with Backrest which keeps your Little one in a good Posture while riding. </li>	<li>IDEAL FOR KIDS of Age - 2 Year to 10 Years ; SUITABLE for Both Boys and Girls ; Weight Capacity - Up to 30 KG </li>	<li>MUSICAL and LIGHTS: These Himalayan Bike Rider Tricycles for Kids has Music and Lights on the HANDLE, which makes them enjoy their Ride. </li>	<li>WONDERFUL GIFT - It is an ideal present for your kid's birthday. They will love to ride on the tri-cycle</li>
</ul>",https://cdn.shopify.com/s/files/1/0828/1908/8689/products/electric-musical-upside-down-clown-joker-toys-dancing-toy-original-imagmmha6xmchrhe-PhotoRoom_9_-PhotoRoom.png?v=1694513530
,,,,,,,https://cdn.shopify.com/s/files/1/0828/1908/8689/products/himalayan41dvPOG9wUL-min.jpg?v=1694513530
,,,,,,,https://cdn.shopify.com/s/files/1/0828/1908/8689/products/himalayan41bFILxG8SL-min.jpg?v=1694513530
,,,,,,,https://cdn.shopify.com/s/files/1/0828/1908/8689/products/himalayan41kcBkE7q5L-min.jpg?v=1694513530
,,,,,,,https://cdn.shopify.com/s/files/1/0828/1908/8689/products/himalayan41YGtTZ3v6L-min.jpg?v=1694513530
,,,,,,,https://cdn.shopify.com/s/files/1/0828/1908/8689/products/himalayan418JfcJvdHL-min.jpg?v=1694513530
Panda Java Baby Tricycle Ride-On Bikes With Music And Lights (Blue),Default Title,,,499,3299,"<ul>	<li>Our push ride-on car can handle weight maximum upto 15-40 kg and is ideal for 1 to 5 years old toddlers. It is convenient to carry where ever you go. A smooth and perfect ride on for your toddlers. Designed for utmost comfort of the baby with optimum height and round edges so as not to cause any injury to the kid. </li>	<li>Panda Java Premium Push Ride-on Car is constructed by entirely Premium Virgin PVC Plastic material which features non-toxic and odorless. It is secure for your baby to ride on freely. </li>	<li>Parents can conveniently control this cool car by the rear handle which is also easy for transport. </li>	<li>Steering Wheel lets your little ones try controlling the directions of turning Left / Right, going Forward / Backward by steering wheel. Control the working horn sound by the buttons there as well. . </li>	<li>India once of the BIS ISI Certified Product (Made In India) </li>
</ul>",https://cdn.shopify.com/s/files/1/0828/1908/8689/products/java41jKUHCDwWL-min.jpg?v=1694513521
,,,,,,,https://cdn.shopify.com/s/files/1/0828/1908/8689/products/java51Lriz4moPL._SL1024_-min.jpg?v=1694513521
,,,,,,,https://cdn.shopify.com/s/files/1/0828/1908/8689/products/java61l_EMJlrYL._SL1250_-min.jpg?v=1694513521
,,,,,,,https://cdn.shopify.com/s/files/1/0828/1908/8689/products/java61nxvr1-cFL._SL1280_-2-min.jpg?v=1694513521
,,,,,,,https://cdn.shopify.com/s/files/1/0828/1908/8689/products/java61nxvr1-cFL._SL1280_-min.jpg?v=1694513521
,,,,,,,https://cdn.shopify.com/s/files/1/0828/1908/8689/products/java61XSH11UJlL._SL1250_-min.jpg?v=1694513521
Panda Java Baby Tricycle Ride-On Bikes With Music And Lights (Red),Default Title,,,499,3299,"<ul>	<li>Our push ride-on car can handle weight maximum upto 15-40 kg and is ideal for 1 to 5 years old toddlers. It is convenient to carry where ever you go. A smooth and perfect ride on for your toddlers. Designed for utmost comfort of the baby with optimum height and round edges so as not to cause any injury to the kid. </li>	<li>Panda Java Premium Push Ride-on Car is constructed by entirely Premium Virgin PVC Plastic material which features non-toxic and odorless. It is secure for your baby to ride on freely. </li>	<li>Parents can conveniently control this cool car by the rear handle which is also easy for transport. </li>	<li>Steering Wheel lets your little ones try controlling the directions of turning Left / Right, going Forward / Backward by steering wheel. Control the working horn sound by the buttons there as well. . </li>	<li>India once of the BIS ISI Certified Product (Made In India) </li>
</ul>",https://cdn.shopify.com/s/files/1/0828/1908/8689/products/electric-musical-upside-down-clown-joker-toys-dancing-toy-original-imagmmha6xmchrhe-PhotoRoom_6_-PhotoRoom_3e3f7d69-ed5a-4cfd-a21c-ef465c39de93.png?v=1694513512
,,,,,,,https://cdn.shopify.com/s/files/1/0828/1908/8689/products/java12604683b-min.jpg?v=1694513512
Panda N-Torque Tricycle For Kids of Age (2-5 years) With Light & Music (Black),Default Title,,,499,4599,"<ul>	<li>N-Torque Tricycle  comes in 4 beautiful and attractive colours </li>	<li>This tricycle is good for kids between of age 2-5 years</li>	<li>Suitable for both Boys and Girls, this tricycle comes with beautiful lights and music</li>	<li> N-Torque contains 7 different music and comes with tail light</li>	<li>N-Torque made up of ISO certified material(ABS plastic) which is completly safe for kids</li>	<li>It is very fun toy which gives greate joy to your kids</li>	<li>N-Torque tricycle Requires 3 AA batteries for Music and Light</li>	<li>	<p> </p>	<table>		<tbody>			<tr>				<td>Brand</td>				<td>PANDA</td>			</tr>			<tr>				<td>Material</td>				<td>Plastic</td>			</tr>			<tr>				<td>Size</td>				<td>Medium</td>			</tr>			<tr>				<td>Item Weight</td>				<td>4200 Grams</td>			</tr>			<tr>				<td>Item Dimensions LxWxH</td>				<td>40 x 41 x 29 Centimeters</td>			</tr>		</tbody>	</table>	</li>
</ul>",https://cdn.shopify.com/s/files/1/0828/1908/8689/products/ntorquen-torque-tricycle-black-super-stylish-and-premium-with-music-and-original-imaghk2f3bwzkj3h_edited_edited.jpg?v=1694513509
,,,,,,,https://cdn.shopify.com/s/files/1/0828/1908/8689/products/ntorquen-torque-tricycle-black-super-stylish-and-premium-with-music-and-original-imaghmefemqw6yjh.jpg?v=1694513509
,,,,,,,https://cdn.shopify.com/s/files/1/0828/1908/8689/products/ntorquen-torque-tricycle-black-super-stylish-and-premium-with-music-and-original-imaghmeffnvw5nz8.jpg?v=1694513509
,,,,,,,https://cdn.shopify.com/s/files/1/0828/1908/8689/products/ntorquen-torque-tricycle-black-super-stylish-and-premium-with-music-and-original-imaghmefpuaezyeg.jpg?v=1694513509
,,,,,,,https://cdn.shopify.com/s/files/1/0828/1908/8689/products/newimagesFile6Small_edited.png?v=1694513509
,,,,,,,https://cdn.shopify.com/s/files/1/0828/1908/8689/products/newimagesFile7Small_edited.png?v=1694513509
Panda N-Torque Tricycle For Kids of Age (2-5 years) With Light & Music (White),Default Title,,,499,4599,"<ul>	<li>N-Torque Tricycle  comes in 4 beautiful and attractive colours </li>	<li>This tricycle is good for kids between of age 2-5 years</li>	<li>Suitable for both Boys and Girls, this tricycle comes with beautiful lights and music</li>	<li> N-Torque contains 7 different music and comes with tail light</li>	<li>N-Torque made up of ISO certified material(ABS plastic) which is completly safe for kids</li>	<li>It is very fun toy which gives greate joy to your kids</li>	<li>N-Torque tricycle Requires 3 AA batteries for Music and Light</li>
</ul><p> </p><table>	<tbody>		<tr>			<td>Brand</td>			<td>PANDA</td>		</tr>		<tr>			<td>Material</td>			<td>Plastic</td>		</tr>		<tr>			<td>Size</td>			<td>Medium</td>		</tr>		<tr>			<td>Item Weight</td>			<td>4200 Grams</td>		</tr>		<tr>			<td>Item Dimensions LxWxH</td>			<td>40 x 41 x 29 Centimeters</td>		</tr>	</tbody>
</table>",https://cdn.shopify.com/s/files/1/0828/1908/8689/products/ntorquen-torque-tricycle-black-super-stylish-and-premium-with-music-and-original-imaghk2fxbyukrhu_edited.jpg?v=1694513500
,,,,,,,https://cdn.shopify.com/s/files/1/0828/1908/8689/products/41I3VR3RFLL.jpg?v=1694513500
,,,,,,,https://cdn.shopify.com/s/files/1/0828/1908/8689/products/51AxrGbpxYL.jpg?v=1694513500
,,,,,,,https://cdn.shopify.com/s/files/1/0828/1908/8689/products/51qbKR7sCfL.jpg?v=1694513500
,,,,,,,https://cdn.shopify.com/s/files/1/0828/1908/8689/products/newimagesFile6Small_edited_b016f9bb-33a0-4a6e-9373-1267a90722c4.png?v=1694513500
,,,,,,,https://cdn.shopify.com/s/files/1/0828/1908/8689/products/newimagesFile2.webp?v=1694513500
,,,,,,,https://cdn.shopify.com/s/files/1/0828/1908/8689/products/newimagesFile4_edited.png?v=1694513500
Panda N-Torque Tricycle For Kids of Age (2-5 years) With Light & Music (RED),Default Title,,,499,4599,"<ul>	<li>N-Torque Tricycle  comes in 4 beautiful and attractive colours </li>	<li>This tricycle is good for kids between of age 2-5 years</li>	<li>Suitable for both Boys and Girls, this tricycle comes with beautiful lights and music</li>	<li> N-Torque contains 7 different music and comes with tail light</li>	<li>N-Torque made up of ISO certified material(ABS plastic) which is completly safe for kids</li>	<li>It is very fun toy which gives greate joy to your kids</li>	<li>N-Torque tricycle Requires 3 AA batteries for Music and Light</li>	<li>	<p> </p>	<table>		<tbody>			<tr>				<td>Brand</td>				<td>PANDA</td>			</tr>			<tr>				<td>Material</td>				<td>Plastic</td>			</tr>			<tr>				<td>Size</td>				<td>Medium</td>			</tr>			<tr>				<td>Item Weight</td>				<td>4200 Grams</td>			</tr>			<tr>				<td>Item Dimensions LxWxH</td>				<td>40 x 41 x 29 Centimeters</td>			</tr>		</tbody>	</table>	</li>
</ul>",https://cdn.shopify.com/s/files/1/0828/1908/8689/products/ntorquen-torque-tricycle-black-super-stylish-and-premium-with-music-and-original-imaghk2fhhpuhuxy_edited-PhotoRoom.jpg?v=1694513490
,,,,,,,https://cdn.shopify.com/s/files/1/0828/1908/8689/products/ntorquen-torque-tricycle-black-super-stylish-and-premium-with-music-and-original-imaghms6mrehznhy.jpg?v=1694513490
,,,,,,,https://cdn.shopify.com/s/files/1/0828/1908/8689/products/ntorquen-torque-tricycle-black-super-stylish-and-premium-with-music-and-original-imaghms6ggwvgek9.jpg?v=1694513490
,,,,,,,https://cdn.shopify.com/s/files/1/0828/1908/8689/products/ntorquen-torque-tricycle-black-super-stylish-and-premium-with-music-and-original-imaghms6qrtspcnb.jpg?v=1694513490
,,,,,,,https://cdn.shopify.com/s/files/1/0828/1908/8689/products/newimagesFile2_69b0d106-10b0-42db-be0a-e0c465a8bb00.webp?v=1694513490
,,,,,,,https://cdn.shopify.com/s/files/1/0828/1908/8689/products/newimages0_edited.png?v=1694513490
,,,,,,,https://cdn.shopify.com/s/files/1/0828/1908/8689/products/newimagesFile6Small_edited_834ee7c9-4eef-44d8-b8e5-72aa94a012ad.png?v=1694513491
Panda N-Torque Tricycle For Kids of Age (2-5 years) With Light & Music (BLUE),Default Title,,,499,4599,"<ul>	<li>N-Torque Tricycle  comes in 4 beautiful and attractive colours </li>	<li>This tricycle is good for kids between of age 2-5 years</li>	<li>Suitable for both Boys and Girls, this tricycle comes with beautiful lights and music</li>	<li> N-Torque contains 7 different music and comes with tail light</li>	<li>N-Torque made up of ISO certified material(ABS plastic) which is completly safe for kids</li>	<li>It is very fun toy which gives greate joy to your kids</li>	<li>N-Torque tricycle Requires 3 AA batteries for Music and Light</li>	<li>	<p> </p>	<table>		<tbody>			<tr>				<td>Brand</td>				<td>PANDA</td>			</tr>			<tr>				<td>Material</td>				<td>Plastic</td>			</tr>			<tr>				<td>Size</td>				<td>Medium</td>			</tr>			<tr>				<td>Item Weight</td>				<td>4200 Grams</td>			</tr>			<tr>				<td>Item Dimensions LxWxH</td>				<td>40 x 41 x 29 Centimeters</td>			</tr>		</tbody>	</table>	</li>
</ul>",https://cdn.shopify.com/s/files/1/0828/1908/8689/products/ntorquen-torque-tricycle-black-super-stylish-and-premium-with-music-and-original-imaghk2ffxaug9zw_edited-PhotoRoom.jpg?v=1694513480
,,,,,,,https://cdn.shopify.com/s/files/1/0828/1908/8689/products/ntorquen-torque-tricycle-black-super-stylish-and-premium-with-music-and-original-imaghms8mgfruyg8.jpg?v=1694513480
,,,,,,,https://cdn.shopify.com/s/files/1/0828/1908/8689/products/ntorquen-torque-tricycle-black-super-stylish-and-premium-with-music-and-original-imaghms8eufazgrz.jpg?v=1694513480
,,,,,,,https://cdn.shopify.com/s/files/1/0828/1908/8689/products/ntorquen-torque-tricycle-black-super-stylish-and-premium-with-music-and-original-imaghms8tcegnxhd.jpg?v=1694513480
,,,,,,,https://cdn.shopify.com/s/files/1/0828/1908/8689/products/newimagesFile2_d727d4e5-8c85-458a-a90b-8cb0f17a1a34.webp?v=1694513480
,,,,,,,https://cdn.shopify.com/s/files/1/0828/1908/8689/products/newimagesFile8Small.jpg?v=1694513480
,,,,,,,https://cdn.shopify.com/s/files/1/0828/1908/8689/products/newimagesFile6Small_edited_1d40ef0b-9317-4f3d-9ef9-655990fd2039.png?v=1694513480
Panda Thunder TricycleFor 2-5 Years Kids Comes With Light & Music (RED),Default Title,,,499,3999,"<ul>	<li>Thunder Tricycle  comes in 4 beautiful and attractive colours </li>	<li>Thunder tricycle is good for kids between of age 2-5 years</li>	<li>Suitable for both Boys and Girls, this tricycle comes with beautiful lights and music</li>	<li>Thunder contains 7 different music and comes with tail light</li>	<li>Thunder made up of ISO certified material(ABS plastic) which is completly safe for kids</li>	<li>It is very fun toy which gives greate joy to your kids</li>	<li>Thunder tricycle Requires 3 AA batteries for Music and Light</li>	<li>	<p> </p>	<table>		<tbody>			<tr>				<td>Brand</td>				<td>PANDA</td>			</tr>			<tr>				<td>Material</td>				<td>Plastic</td>			</tr>			<tr>				<td>Size</td>				<td>Medium</td>			</tr>			<tr>				<td>Item Weight</td>				<td>4200 Grams</td>			</tr>			<tr>				<td>Item Dimensions LxWxH</td>				<td>40 x 41 x 29 Centimeters</td>			</tr>		</tbody>	</table>	</li>
</ul>",https://cdn.shopify.com/s/files/1/0828/1908/8689/products/51lF6N30C8L.jpg?v=1694513470
,,,,,,,https://cdn.shopify.com/s/files/1/0828/1908/8689/products/41fvVY77wXL.jpg?v=1694513470
,,,,,,,https://cdn.shopify.com/s/files/1/0828/1908/8689/products/71HCIr6B0yL._SL1500.jpg?v=1694513470
,,,,,,,https://cdn.shopify.com/s/files/1/0828/1908/8689/products/61uIGheGnaL._SL1500.jpg?v=1694513470
,,,,,,,https://cdn.shopify.com/s/files/1/0828/1908/8689/products/51IwDF11gxL-2.jpg?v=1694513470
,,,,,,,https://cdn.shopify.com/s/files/1/0828/1908/8689/products/414k6mp1xAL-2.jpg?v=1694513470
,,,,,,,https://cdn.shopify.com/s/files/1/0828/1908/8689/products/electric-musical-upside-down-clown-joker-toys-dancing-toy-original-imagmmha6xmchrhe-PhotoRoom_1_-PhotoRoom_adf84323-0cf0-4e21-b5ae-4df9022e0de8.png?v=1694513470
,,,,,,,https://cdn.shopify.com/s/files/1/0828/1908/8689/products/6133d5kUT2L._SL1280_2a2e444f-ee6a-4ee3-81cd-1294f7c062d9.jpg?v=1694513470
Panda Thunder TricycleFor 2-5 Years Kids Comes With Light & Music (Orange),Default Title,,,499,3999,"<ul>	<li>Thunder Tricycle  comes in 4 beautiful and attractive colours </li>	<li>Thunder tricycle is good for kids between of age 2-5 years</li>	<li>Suitable for both Boys and Girls, this tricycle comes with beautiful lights and music</li>	<li>Thunder contains 7 different music and comes with tail light</li>	<li>Thunder made up of ISO certified material(ABS plastic) which is completly safe for kids</li>	<li>It is very fun toy which gives greate joy to your kids</li>	<li>Thunder tricycle Requires 3 AA batteries for Music and Light</li>	<li>	<p> </p>	<table>		<tbody>			<tr>				<td>Brand</td>				<td>PANDA</td>			</tr>			<tr>				<td>Material</td>				<td>Plastic</td>			</tr>			<tr>				<td>Size</td>				<td>Medium</td>			</tr>			<tr>				<td>Item Weight</td>				<td>4200 Grams</td>			</tr>			<tr>				<td>Item Dimensions LxWxH</td>				<td>40 x 41 x 29 Centimeters</td>			</tr>		</tbody>	</table>	</li>
</ul>",https://cdn.shopify.com/s/files/1/0828/1908/8689/products/electric-musical-upside-down-clown-joker-toys-dancing-toy-original-imagmmha6xmchrhe-PhotoRoom_7_-PhotoRoom_442496c6-e5be-47d0-87ee-0f91ee4e1512.png?v=1694513458
,,,,,,,https://cdn.shopify.com/s/files/1/0828/1908/8689/products/41Eb9hXDBSL.jpg?v=1694513458
,,,,,,,https://cdn.shopify.com/s/files/1/0828/1908/8689/products/51IwDF11gxL.jpg?v=1694513458
,,,,,,,https://cdn.shopify.com/s/files/1/0828/1908/8689/products/51qw2Fc0_CL.jpg?v=1694513458
,,,,,,,https://cdn.shopify.com/s/files/1/0828/1908/8689/products/71AJBRdRr7L._SL1500.jpg?v=1694513458
,,,,,,,https://cdn.shopify.com/s/files/1/0828/1908/8689/products/414k6mp1xAL.jpg?v=1694513458
,,,,,,,https://cdn.shopify.com/s/files/1/0828/1908/8689/products/517PYB5v9UL.jpg?v=1694513458
,,,,,,,https://cdn.shopify.com/s/files/1/0828/1908/8689/products/6133d5kUT2L._SL1280.jpg?v=1694513458
Panda Thunder TricycleFor 2-5 Years Kids Comes With Light & Music (BLUE),Default Title,,,499,3999,"<ul>	<li>Thunder Tricycle  comes in 4 beautiful and attractive colours </li>	<li>Thunder tricycle is good for kids between of age 2-5 years</li>	<li>Suitable for both Boys and Girls, this tricycle comes with beautiful lights and music</li>	<li>Thunder contains 7 different music and comes with tail light</li>	<li>Thunder made up of ISO certified material(ABS plastic) which is completly safe for kids</li>	<li>It is very fun toy which gives greate joy to your kids</li>	<li>Thunder tricycle Requires 3 AA batteries for Music and Light</li>	<li>	<p> </p>	<table>		<tbody>			<tr>				<td>Brand</td>				<td>PANDA</td>			</tr>			<tr>				<td>Material</td>				<td>Plastic</td>			</tr>			<tr>				<td>Size</td>				<td>Medium</td>			</tr>			<tr>				<td>Item Weight</td>				<td>4200 Grams</td>			</tr>			<tr>				<td>Item Dimensions LxWxH</td>				<td>40 x 41 x 29 Centimeters</td>			</tr>		</tbody>	</table>	</li>
</ul>",https://cdn.shopify.com/s/files/1/0828/1908/8689/products/electric-musical-upside-down-clown-joker-toys-dancing-toy-original-imagmmha6xmchrhe-PhotoRoom-PhotoRoom_d00a62e5-16a6-4169-88c0-fb727b1fed24.png?v=1694513445
,,,,,,,https://cdn.shopify.com/s/files/1/0828/1908/8689/products/7187CmEIlgL._SL1500.jpg?v=1694513445
,,,,,,,https://cdn.shopify.com/s/files/1/0828/1908/8689/products/51mYaZ02wKL.jpg?v=1694513445
,,,,,,,https://cdn.shopify.com/s/files/1/0828/1908/8689/products/51nS9xOZOnL.jpg?v=1694513445
,,,,,,,https://cdn.shopify.com/s/files/1/0828/1908/8689/products/51IwDF11gxL_d0ec7b35-161c-4e5b-b7c2-f54233cf4ecc.jpg?v=1694513445
,,,,,,,https://cdn.shopify.com/s/files/1/0828/1908/8689/products/414k6mp1xAL_89063a85-1894-4bf9-ac2e-81c0adcb882a.jpg?v=1694513445
,,,,,,,https://cdn.shopify.com/s/files/1/0828/1908/8689/products/6133d5kUT2L._SL1280_16c7d132-75ed-49be-9412-47805cd16c29.jpg?v=1694513445
Panda Thunder TricycleFor 2-5 Years Kids Comes With Light & Music (White),Default Title,,,499,3999,"<ul>	<li>Thunder Tricycle  comes in 4 beautiful and attractive colours </li>	<li>Thunder tricycle is good for kids between of age 2-5 years</li>	<li>Suitable for both Boys and Girls, this tricycle comes with beautiful lights and music</li>	<li>Thunder contains 7 different music and comes with tail light</li>	<li>Thunder made up of ISO certified material(ABS plastic) which is completly safe for kids</li>	<li>It is very fun toy which gives greate joy to your kids</li>	<li>Thunder tricycle Requires 3 AA batteries for Music and Light</li>	<li>	<p> </p>	<table>		<tbody>			<tr>				<td>Brand</td>				<td>PANDA</td>			</tr>			<tr>				<td>Material</td>				<td>Plastic</td>			</tr>			<tr>				<td>Size</td>				<td>Medium</td>			</tr>			<tr>				<td>Item Weight</td>				<td>4200 Grams</td>			</tr>			<tr>				<td>Item Dimensions LxWxH</td>				<td>40 x 41 x 29 Centimeters</td>			</tr>		</tbody>	</table>	</li>
</ul>",https://cdn.shopify.com/s/files/1/0828/1908/8689/products/electric-musical-upside-down-clown-joker-toys-dancing-toy-original-imagmmha6xmchrhe-PhotoRoom_2_-PhotoRoom.png?v=1694513434
,,,,,,,https://cdn.shopify.com/s/files/1/0828/1908/8689/products/51GRw3YRSqL.jpg?v=1694513434
,,,,,,,https://cdn.shopify.com/s/files/1/0828/1908/8689/products/71DEaIbpGRL._SL1500.jpg?v=1694513434
,,,,,,,https://cdn.shopify.com/s/files/1/0828/1908/8689/products/51IwDF11gxL-2_18aabe66-ff65-4ec1-a92b-77698e4eb4f3.jpg?v=1694513434
,,,,,,,https://cdn.shopify.com/s/files/1/0828/1908/8689/products/414k6mp1xAL_63d9648a-a20b-4988-b4d0-745bfa3e79d4.jpg?v=1694513434
,,,,,,,https://cdn.shopify.com/s/files/1/0828/1908/8689/products/51pxTWAznFL.jpg?v=1694513434
,,,,,,,https://cdn.shopify.com/s/files/1/0828/1908/8689/products/6133d5kUT2L._SL1280_c23b5f91-77b7-44e5-9442-11587e834317.jpg?v=1694513434
Panda N-Torque Tricycle For Kids of Age (2-5 years) With Light & Music(Green),Default Title,,,499,4599,"<ul>	<li>N-Torque Tricycle  comes in 4 beautiful and attractive colours </li>	<li>This tricycle is good for kids between of age 2-5 years</li>	<li>Suitable for both Boys and Girls, this tricycle comes with beautiful lights and music</li>	<li> N-Torque contains 7 different music and comes with tail light</li>	<li>N-Torque made up of ISO certified material(ABS plastic) which is completly safe for kids</li>	<li>It is very fun toy which gives greate joy to your kids</li>	<li>N-Torque tricycle Requires 3 AA batteries for Music and Light</li>	<li>	<p> </p>	<table>		<tbody>			<tr>				<td>Brand</td>				<td>PANDA</td>			</tr>			<tr>				<td>Material</td>				<td>Plastic</td>			</tr>			<tr>				<td>Size</td>				<td>Medium</td>			</tr>			<tr>				<td>Item Weight</td>				<td>4200 Grams</td>			</tr>			<tr>				<td>Item Dimensions LxWxH</td>				<td>40 x 41 x 29 Centimeters</td>			</tr>		</tbody>	</table>	</li>
</ul>",https://cdn.shopify.com/s/files/1/0828/1908/8689/products/51s8VJBDGBL.jpg?v=1694513423
,,,,,,,https://cdn.shopify.com/s/files/1/0828/1908/8689/products/ntorquen-torque-tricycle-black-super-stylish-and-premium-with-music-and-original-imaghmedbz6tpcuz.jpg?v=1694513423
,,,,,,,https://cdn.shopify.com/s/files/1/0828/1908/8689/products/ntorquen-torque-tricycle-black-super-stylish-and-premium-with-music-and-original-imaghmeds53evue2.jpg?v=1694513423
,,,,,,,https://cdn.shopify.com/s/files/1/0828/1908/8689/products/ntorquen-torque-tricycle-black-super-stylish-and-premium-with-music-and-original-imaghmedmzsudmef.jpg?v=1694513423
,,,,,,,https://cdn.shopify.com/s/files/1/0828/1908/8689/products/newimagesFile6Small_edited_f5a9dc4c-1428-453d-982e-ac1cec052a69.png?v=1694513423
Baybee Hulk Kids Battery Operated Jeep for Kids with Music & Light,Ash,,,549,32990,<p>Baybee Rubicon Battery Operated Jeep for Kids Ride on Toy Kids Car with Light &amp; Music</p>,https://cdn.shopify.com/s/files/1/0828/1908/8689/products/IMG_2978.webp?v=1694513387
,Red,,,549,32990,,https://cdn.shopify.com/s/files/1/0828/1908/8689/products/image_82eadea7-e02c-4a67-b9da-863ba41e4ed3.webp?v=1694513387
,White,,,549,32990,,https://cdn.shopify.com/s/files/1/0828/1908/8689/products/71icRS_IlGL.jpg?v=1694513387
,,,,,,,https://cdn.shopify.com/s/files/1/0828/1908/8689/products/71ur2e6zqwL.jpg?v=1694513387
,,,,,,,https://cdn.shopify.com/s/files/1/0828/1908/8689/products/71AY9xeOOHL.jpg?v=1694513387
,,,,,,,https://cdn.shopify.com/s/files/1/0828/1908/8689/products/718sq7J0EEL.jpg?v=1694513387
,,,,,,,https://cdn.shopify.com/s/files/1/0828/1908/8689/products/71cCbdckLyL.jpg?v=1694513388
,,,,,,,https://cdn.shopify.com/s/files/1/0828/1908/8689/products/IMG_3200_cleanup.webp?v=1694513388
,,,,,,,https://cdn.shopify.com/s/files/1/0828/1908/8689/products/716_ZxOwbRL.jpg?v=1694513388
,,,,,,,https://cdn.shopify.com/s/files/1/0828/1908/8689/products/71xBwy0N9BL.jpg?v=1694513388
,,,,,,,https://cdn.shopify.com/s/files/1/0828/1908/8689/products/IMG_3552_1.webp?v=1694513388
,,,,,,,https://cdn.shopify.com/s/files/1/0828/1908/8689/products/71GsGRRtceL.jpg?v=1694513388
,,,,,,,https://cdn.shopify.com/s/files/1/0828/1908/8689/products/71TTbUfXalL.jpg?v=1694513388
,,,,,,,https://cdn.shopify.com/s/files/1/0828/1908/8689/products/71WOiu6QYfL.jpg?v=1694513388
,,,,,,,https://cdn.shopify.com/s/files/1/0828/1908/8689/products/71hD71LH0bL.jpg?v=1694513388
,,,,,,,https://cdn.shopify.com/s/files/1/0828/1908/8689/products/71QEIe5UwQL.jpg?v=1694513388
,,,,,,,https://cdn.shopify.com/s/files/1/0828/1908/8689/products/71Q67Wdz2GL.jpg?v=1694513388
,,,,,,,https://cdn.shopify.com/s/files/1/0828/1908/8689/products/71Svke1YaVL.jpg?v=1694513388
,,,,,,,https://cdn.shopify.com/s/files/1/0828/1908/8689/products/71BrQ-zjCeL.jpg?v=1694513388
,,,,,,,https://cdn.shopify.com/s/files/1/0828/1908/8689/products/71DPJQ77RCL.jpg?v=1694513388
,,,,,,,https://cdn.shopify.com/s/files/1/0828/1908/8689/products/IMG_2976_cleanup.webp?v=1694513388
,,,,,,,https://cdn.shopify.com/s/files/1/0828/1908/8689/products/71j2ynvoAKL.jpg?v=1694513388
,,,,,,,https://cdn.shopify.com/s/files/1/0828/1908/8689/products/71DEVmCWHcL.jpg?v=1694513388
,,,,,,,https://cdn.shopify.com/s/files/1/0828/1908/8689/products/71rrZOEc8OL.jpg?v=1694513388
,,,,,,,https://cdn.shopify.com/s/files/1/0828/1908/8689/products/71A4qZS8XcL.jpg?v=1694513388
,,,,,,,https://cdn.shopify.com/s/files/1/0828/1908/8689/products/71aLXeTi2XL.jpg?v=1694513388
,,,,,,,https://cdn.shopify.com/s/files/1/0828/1908/8689/products/71dNwhs5pxL.jpg?v=1694513388
,,,,,,,https://cdn.shopify.com/s/files/1/0828/1908/8689/products/71g8OMfxeML.jpg?v=1694513388
,,,,,,,https://cdn.shopify.com/s/files/1/0828/1908/8689/products/71wNBwYrhvL.jpg?v=1694513388
,,,,,,,https://cdn.shopify.com/s/files/1/0828/1908/8689/products/71AX9UyAnzL.jpg?v=1694513388
,,,,,,,https://cdn.shopify.com/s/files/1/0828/1908/8689/products/715QybFTnIL.jpg?v=1694513388
,,,,,,,https://cdn.shopify.com/s/files/1/0828/1908/8689/products/61Ormc-H8IL.jpg?v=1694513388
Baybee Magic Swing Cars for Kids/Baby | Twister Magic Ride on Toy Car for Kids with PP Wheels | Kids Ride on Baby car | Ride on Magic car for Kids 3 to 8 Years Boys & Girls,Red,,,499,3499,<p></p>,https://cdn.shopify.com/s/files/1/0828/1908/8689/products/714GRHzVO8L.jpg?v=1694513282
,Green,,,499,3499,,https://cdn.shopify.com/s/files/1/0828/1908/8689/products/81VoP6hPU7L.jpg?v=1694513282
,Pink,,,499,3499,,https://cdn.shopify.com/s/files/1/0828/1908/8689/products/81-H6M8LyxL.jpg?v=1694513282
,Blue,,,499,3499,,https://cdn.shopify.com/s/files/1/0828/1908/8689/products/81tpGwlQxtL.jpg?v=1694513282
,,,,,,,https://cdn.shopify.com/s/files/1/0828/1908/8689/products/81iW8az_MkL.jpg?v=1694513282
,,,,,,,https://cdn.shopify.com/s/files/1/0828/1908/8689/products/81wqWyNYM2L.jpg?v=1694513282
,,,,,,,https://cdn.shopify.com/s/files/1/0828/1908/8689/products/81zQtygc5OL.jpg?v=1694513282
,,,,,,,https://cdn.shopify.com/s/files/1/0828/1908/8689/products/71C9QR3JBAL.jpg?v=1694513282
,,,,,,,https://cdn.shopify.com/s/files/1/0828/1908/8689/products/81AYr7m7UZL.jpg?v=1694513282
,,,,,,,https://cdn.shopify.com/s/files/1/0828/1908/8689/products/81PjlTcEEwL.jpg?v=1694513282
,,,,,,,https://cdn.shopify.com/s/files/1/0828/1908/8689/products/81S9N56U2jL.jpg?v=1694513282
,,,,,,,https://cdn.shopify.com/s/files/1/0828/1908/8689/products/81mV9vDcd5L.jpg?v=1694513282
,,,,,,,https://cdn.shopify.com/s/files/1/0828/1908/8689/products/81yD_FuY9NL.jpg?v=1694513282
,,,,,,,https://cdn.shopify.com/s/files/1/0828/1908/8689/products/81N7xfIEDfL.jpg?v=1694513282
,,,,,,,https://cdn.shopify.com/s/files/1/0828/1908/8689/products/71gnCf6jgsL.jpg?v=1694513282
,,,,,,,https://cdn.shopify.com/s/files/1/0828/1908/8689/products/81g0rWJr26L.jpg?v=1694513282
,,,,,,,https://cdn.shopify.com/s/files/1/0828/1908/8689/products/814RXWceVrL.jpg?v=1694513282
,,,,,,,https://cdn.shopify.com/s/files/1/0828/1908/8689/products/81lgzFQ2r3L.jpg?v=1694513282
,,,,,,,https://cdn.shopify.com/s/files/1/0828/1908/8689/products/81jCLYsxnyL.jpg?v=1694513282
,,,,,,,https://cdn.shopify.com/s/files/1/0828/1908/8689/products/81AEdVZ0jgL.jpg?v=1694513282
,,,,,,,https://cdn.shopify.com/s/files/1/0828/1908/8689/products/81shl4M8CWL.jpg?v=1694513282
,,,,,,,https://cdn.shopify.com/s/files/1/0828/1908/8689/products/717THw9aZpL.jpg?v=1694513282
,,,,,,,https://cdn.shopify.com/s/files/1/0828/1908/8689/products/81ZCfGUMktL.jpg?v=1694513282
,,,,,,,https://cdn.shopify.com/s/files/1/0828/1908/8689/products/81mAd8OelWL.jpg?v=1694513282
,,,,,,,https://cdn.shopify.com/s/files/1/0828/1908/8689/products/81IBqfdcWIL.jpg?v=1694513282
,,,,,,,https://cdn.shopify.com/s/files/1/0828/1908/8689/products/81LrEcyH-3L.jpg?v=1694513282
,,,,,,,https://cdn.shopify.com/s/files/1/0828/1908/8689/products/81vLOqVHQFL.jpg?v=1694513282
,,,,,,,https://cdn.shopify.com/s/files/1/0828/1908/8689/products/81EBVejeEYL.jpg?v=1694513282
Baybee Bronco Kids Battery Operated Jeep for Kids with RGB Light & Music (Painted),Black,,,599,22999,<p></p>,https://cdn.shopify.com/s/files/1/0828/1908/8689/products/1_3e923692-9e1d-471e-9318-f4167d70244b.jpg?v=1694513072
,Blue,,,599,22999,,https://cdn.shopify.com/s/files/1/0828/1908/8689/products/2_abefc61c-c09d-4ef9-b3eb-df5515cc7905.jpg?v=1694513073
,Red,,,599,22999,,https://cdn.shopify.com/s/files/1/0828/1908/8689/products/3_fe53a5d9-d9b8-40fd-9814-1c7eb788227f.jpg?v=1694513073
,Grey,,,599,22999,,https://cdn.shopify.com/s/files/1/0828/1908/8689/products/4_e559e08d-dd0c-49b4-90c4-de1bdfe81e99.jpg?v=1694513073
,,,,,,,https://cdn.shopify.com/s/files/1/0828/1908/8689/products/5_a028c328-b292-45f3-96e1-01c04893b356.jpg?v=1694513073
,,,,,,,https://cdn.shopify.com/s/files/1/0828/1908/8689/products/6_88b71e67-6258-422b-afb6-0bb7e0b56c8e.jpg?v=1694513073
,,,,,,,https://cdn.shopify.com/s/files/1/0828/1908/8689/products/7_08a15628-611e-4b2b-b34b-982be396b4fb.jpg?v=1694513073
,,,,,,,https://cdn.shopify.com/s/files/1/0828/1908/8689/products/8_a88066fe-cad8-4e55-a7ea-427604a823e5.jpg?v=1694513073
,,,,,,,https://cdn.shopify.com/s/files/1/0828/1908/8689/products/71F5s77TFKL.jpg?v=1694513073
,,,,,,,https://cdn.shopify.com/s/files/1/0828/1908/8689/products/71NadvhbWiL.jpg?v=1694513073
,,,,,,,https://cdn.shopify.com/s/files/1/0828/1908/8689/products/71b2WI1f5LL.jpg?v=1694513073
,,,,,,,https://cdn.shopify.com/s/files/1/0828/1908/8689/products/71vt-jWok2L.jpg?v=1694513073
,,,,,,,https://cdn.shopify.com/s/files/1/0828/1908/8689/products/71qbF8lRJJL.jpg?v=1694513073
,,,,,,,https://cdn.shopify.com/s/files/1/0828/1908/8689/products/71GV74ogzVL.jpg?v=1694513073
,,,,,,,https://cdn.shopify.com/s/files/1/0828/1908/8689/products/71Cc2KAbPIL.jpg?v=1694513073
,,,,,,,https://cdn.shopify.com/s/files/1/0828/1908/8689/products/71jNzNMQbuL.jpg?v=1694513073
,,,,,,,https://cdn.shopify.com/s/files/1/0828/1908/8689/products/71Fq9rWenyL.jpg?v=1694513073
,,,,,,,https://cdn.shopify.com/s/files/1/0828/1908/8689/products/71AM6zfCOcL.jpg?v=1694513073
,,,,,,,https://cdn.shopify.com/s/files/1/0828/1908/8689/products/71Ahq37eMOL.jpg?v=1694513073
,,,,,,,https://cdn.shopify.com/s/files/1/0828/1908/8689/products/71YJFEW4oEL.jpg?v=1694513073
,,,,,,,https://cdn.shopify.com/s/files/1/0828/1908/8689/products/71LCowRTa2L.jpg?v=1694513073
,,,,,,,https://cdn.shopify.com/s/files/1/0828/1908/8689/products/71i05B7R0nL.jpg?v=1694513073
,,,,,,,https://cdn.shopify.com/s/files/1/0828/1908/8689/products/71cIptoMNkL.jpg?v=1694513073
,,,,,,,https://cdn.shopify.com/s/files/1/0828/1908/8689/products/71i1gnmsZqL.jpg?v=1694513073
,,,,,,,https://cdn.shopify.com/s/files/1/0828/1908/8689/products/71SE141_wjL.jpg?v=1694513073
,,,,,,,https://cdn.shopify.com/s/files/1/0828/1908/8689/products/71yDLp-yxbL.jpg?v=1694513073
,,,,,,,https://cdn.shopify.com/s/files/1/0828/1908/8689/products/71LkRjq56yL.jpg?v=1694513073
,,,,,,,https://cdn.shopify.com/s/files/1/0828/1908/8689/products/71ywiLZWUuL.jpg?v=1694513073
,,,,,,,https://cdn.shopify.com/s/files/1/0828/1908/8689/products/71z9EPbmRPL.jpg?v=1694513073
,,,,,,,https://cdn.shopify.com/s/files/1/0828/1908/8689/products/716VrBWgU3L.jpg?v=1694513073
,,,,,,,https://cdn.shopify.com/s/files/1/0828/1908/8689/products/71KSAWHEHkL.jpg?v=1694513073
,,,,,,,https://cdn.shopify.com/s/files/1/0828/1908/8689/products/71Zc0MYB0qL.jpg?v=1694513073
"BAYBEE Giraffe Horse Rider for Kids, Ride-On Kids Car with Shape Sorting Activity Kids Toys & Storage",Yellow,,,549,2999,"<p>BAYBEE Giraffe Horse Rider for Kids, Ride-On Kids Car with Shape Sorting Activity Kids Toys &amp; Storage</p>",https://cdn.shopify.com/s/files/1/0828/1908/8689/products/61I67oSCWCL.jpg?v=1694512862
,Red,,,549,2999,,https://cdn.shopify.com/s/files/1/0828/1908/8689/products/61AM3w-AGcL.jpg?v=1694512862
,Blue,,,549,2999,,https://cdn.shopify.com/s/files/1/0828/1908/8689/products/71X7SaeSYgL.jpg?v=1694512862
,Pink,,,549,2999,,https://cdn.shopify.com/s/files/1/0828/1908/8689/products/61QHkxTM_lL.jpg?v=1694512862
,,,,,,,https://cdn.shopify.com/s/files/1/0828/1908/8689/products/61bE6jVD92L.jpg?v=1694512862
,,,,,,,https://cdn.shopify.com/s/files/1/0828/1908/8689/products/61bRslPY23L.jpg?v=1694512862
,,,,,,,https://cdn.shopify.com/s/files/1/0828/1908/8689/products/61cn1Oq0frL.jpg?v=1694512862
,,,,,,,https://cdn.shopify.com/s/files/1/0828/1908/8689/products/61jWl3EZkcL.jpg?v=1694512862
,,,,,,,https://cdn.shopify.com/s/files/1/0828/1908/8689/products/613-OO9QvEL.jpg?v=1694512862
,,,,,,,https://cdn.shopify.com/s/files/1/0828/1908/8689/products/71vpl7wVXGL.jpg?v=1694512862
,,,,,,,https://cdn.shopify.com/s/files/1/0828/1908/8689/products/711KXkHs2YL.jpg?v=1694512862
,,,,,,,https://cdn.shopify.com/s/files/1/0828/1908/8689/products/71DsMQBsB4L.jpg?v=1694512862
,,,,,,,https://cdn.shopify.com/s/files/1/0828/1908/8689/products/61KMrI9cJyL.jpg?v=1694512862
,,,,,,,https://cdn.shopify.com/s/files/1/0828/1908/8689/products/71yTtTPP-2L.jpg?v=1694512862
,,,,,,,https://cdn.shopify.com/s/files/1/0828/1908/8689/products/61s7fgqMcLL.jpg?v=1694512862
,,,,,,,https://cdn.shopify.com/s/files/1/0828/1908/8689/products/61nnR3vxytL.jpg?v=1694512862
,,,,,,,https://cdn.shopify.com/s/files/1/0828/1908/8689/products/61pcE950cqL.jpg?v=1694512862
,,,,,,,https://cdn.shopify.com/s/files/1/0828/1908/8689/products/61JJN4_62vL.jpg?v=1694512862
,,,,,,,https://cdn.shopify.com/s/files/1/0828/1908/8689/products/61PctO9L6KL.jpg?v=1694512862
,,,,,,,https://cdn.shopify.com/s/files/1/0828/1908/8689/products/616MvtyPeFL.jpg?v=1694512862
,,,,,,,https://cdn.shopify.com/s/files/1/0828/1908/8689/products/61vAGHmxs4L.jpg?v=1694512862
,,,,,,,https://cdn.shopify.com/s/files/1/0828/1908/8689/products/61xbGCHc-eL.jpg?v=1694512862
,,,,,,,https://cdn.shopify.com/s/files/1/0828/1908/8689/products/61z3dbm1S7L.jpg?v=1694512862
,,,,,,,https://cdn.shopify.com/s/files/1/0828/1908/8689/products/712O6s10hhL.jpg?v=1694512863
,,,,,,,https://cdn.shopify.com/s/files/1/0828/1908/8689/products/61xuNYy1W6L.jpg?v=1694512863
,,,,,,,https://cdn.shopify.com/s/files/1/0828/1908/8689/products/61iwZlJAhCL.jpg?v=1694512863
,,,,,,,https://cdn.shopify.com/s/files/1/0828/1908/8689/products/61C5I66YzRL.jpg?v=1694512863
,,,,,,,https://cdn.shopify.com/s/files/1/0828/1908/8689/products/61TH72PgEJL.jpg?v=1694512863
W200 Professional Hoverboard Automatic Self Balancing With Led Bluetooth 4400Mah 36v Battery [ Free Carry Bag & Remote Control] - White,Default Title,,,499,7999,"<h5 style=""font-weight: 400;"" data-mce-fragment=""1"" data-mce-style=""font-weight: 400;""><b data-mce-fragment=""1""><strong data-mce-fragment=""1"">High Performance Motors</strong></b></h5>
<h5 style=""font-weight: 400;"" data-mce-fragment=""1"" data-mce-style=""font-weight: 400;"">Its wheel size is 6.5 inches and its dual 250W hub motors delivers the power and it can twist to ride fast and hard. It can move easily to uneven places and on slopes also. It is in-built with <b data-mce-fragment=""1""><strong data-mce-fragment=""1"">High Performance Motors </strong></b>and with this advanced feature it adds speed to the riders.</h5>
<h5 style=""font-weight: 400;"" data-mce-fragment=""1"" data-mce-style=""font-weight: 400;""><b data-mce-fragment=""1""><strong data-mce-fragment=""1"">Light Weight and Compact<br data-mce-fragment=""1""></strong></b></h5>
<h5 style=""font-weight: 400;"" data-mce-fragment=""1"" data-mce-style=""font-weight: 400;"">It can carry 120 Lbs and its maximum speed is 10 kilometers per hour. It can cover 15 to 20 KM depends on the weight of the rider and on the place he is riding. It is light in weight and the rider can carry it with him anywhere</h5>
<h5 style=""font-weight: 400;"" data-mce-fragment=""1"" data-mce-style=""font-weight: 400;""><b data-mce-fragment=""1""><strong data-mce-fragment=""1"">Next-Level Safeguards<br data-mce-fragment=""1""></strong></b></h5>
<h5 style=""font-weight: 400;"" data-mce-fragment=""1"" data-mce-style=""font-weight: 400;"">
<b data-mce-fragment=""1""><strong data-mce-fragment=""1"">Next-Level Safeguards </strong></b>has multilayer battery protection that can provide an optimized power distribution at the time of managing output. Its hard protective case saves the battery from destruction. The rider can only step on it if he gets the assurance that he will be rewarded with safeguard facility.Its Come With Inbuilt 37v 4400 Mah Battery .</h5>
<h5 style=""font-weight: 400;"" data-mce-fragment=""1"" data-mce-style=""font-weight: 400;""><b data-mce-fragment=""1""><strong data-mce-fragment=""1"">Ride On- Shine On<br data-mce-fragment=""1""></strong></b></h5>
<h5 style=""font-weight: 400;"" data-mce-fragment=""1"" data-mce-style=""font-weight: 400;"">Its tire size<b data-mce-fragment=""1""><strong data-mce-fragment=""1""> is 6.5 inch with two wheels Balance Scooter. </strong></b>It takes 2-3 hours to charge and gives maximum output. Add adventure to your life with <b data-mce-fragment=""1""><strong data-mce-fragment=""1"">Ride On- Shine On</strong></b> Hoverboards. A LED light adds an advantage to the product and it becomes more attractive. </h5>
<h5 style=""font-weight: 400;"" data-mce-fragment=""1"" data-mce-style=""font-weight: 400;""><b data-mce-fragment=""1""><strong data-mce-fragment=""1"">Startup Auto Self-Balancing<br data-mce-fragment=""1""></strong></b></h5>
<h5 style=""font-weight: 400;"" data-mce-fragment=""1"" data-mce-style=""font-weight: 400;"">
<b data-mce-fragment=""1""><strong data-mce-fragment=""1"">Startup Auto Self-Balancing hoverboard </strong></b>is there to make your ride easy and the rider can move with confidence. It is smart enough as it has the feature of Twist 2 Remix which automatically takes an action and the rider can balance himself with effortlessness.</h5>
<h5 style=""font-weight: 400;"" data-mce-fragment=""1"" data-mce-style=""font-weight: 400;"">
<b data-mce-fragment=""1""><strong data-mce-fragment=""1"">Accesssories <br data-mce-fragment=""1""></strong></b>The rider will get different types of accessories with <b data-mce-fragment=""1""><strong data-mce-fragment=""1"">hoverboard</strong></b> such as <b data-mce-fragment=""1""><strong data-mce-fragment=""1"">Remote, Bluetooth connection, Speaker and Carry bag.</strong></b> In simple words we can say that these are not accessories but these products complete the Hoverboard. Rider can have its own personal Hoverboard on which he can ride and can go at far off places.</h5>
<p data-mce-fragment=""1""><br data-mce-fragment=""1""><br data-mce-fragment=""1""></p>
<table width=""928"" data-mce-fragment=""1""></table>
<p data-mce-fragment=""1""><br data-mce-fragment=""1""></p>
<table width=""928"" data-mce-fragment=""1""></table>
<table width=""928"" data-mce-fragment=""1"">
<tbody data-mce-fragment=""1"">
<tr data-mce-fragment=""1"">
<td width=""196"" data-mce-fragment=""1""><br data-mce-fragment=""1""></td>
</tr>
</tbody>
</table>
<table width=""928"" data-mce-fragment=""1"">
<tbody data-mce-fragment=""1"">
<tr data-mce-fragment=""1"">
<td width=""196"" data-mce-fragment=""1"">
<p data-mce-fragment=""1"">HHHHHHHHHHHHHHHHHHHHHHHHHHHHHHHHHHH</p>
<p data-mce-fragment=""1""><span data-mce-fragment=""1""><b data-mce-fragment=""1""><strong data-mce-fragment=""1"">SPECIFICATION </strong></b><b data-mce-fragment=""1""><strong data-mce-fragment=""1""><br data-mce-fragment=""1""></strong></b></span></p>
<p data-mce-fragment=""1""><span data-mce-fragment=""1""><b data-mce-fragment=""1""><strong data-mce-fragment=""1"">Brand Name: Walkontek</strong></b></span></p>
<p data-mce-fragment=""1""><span data-mce-fragment=""1""><b data-mce-fragment=""1""><strong data-mce-fragment=""1"">Sku : P1 SPORTS HOVERBOARD W200 (WHITE)</strong></b></span></p>
<p data-mce-fragment=""1""><span data-mce-fragment=""1""><b data-mce-fragment=""1""><strong data-mce-fragment=""1"">Model : WALKONTEK W200 (WHITE)</strong></b></span></p>
<p data-mce-fragment=""1""><span data-mce-fragment=""1""><b data-mce-fragment=""1""><strong data-mce-fragment=""1"">Charging Time:  Quick Charge 2.0 (1-2 Hours Max)</strong></b></span></p>
<p data-mce-fragment=""1""><span data-mce-fragment=""1""><b data-mce-fragment=""1""><strong data-mce-fragment=""1"">Control Board:  Fifth Generetaion Super Intelligent Control Panel With US Based ST CHIPSETS – Auto Balance</strong></b></span></p>
<p data-mce-fragment=""1""><span data-mce-fragment=""1""><b data-mce-fragment=""1""><strong data-mce-fragment=""1"">Motor: 350W X 2 Dual Motors – Double Torque (100% COPPER)</strong></b></span></p>
<p data-mce-fragment=""1""><span data-mce-fragment=""1""><b data-mce-fragment=""1""><strong data-mce-fragment=""1"">Weight: 12KG</strong></b></span></p>
<p data-mce-fragment=""1""><span data-mce-fragment=""1""><b data-mce-fragment=""1""><strong data-mce-fragment=""1"">Startup Balance 2.0: YES</strong></b></span></p>
<p data-mce-fragment=""1""><span data-mce-fragment=""1""><b data-mce-fragment=""1""><strong data-mce-fragment=""1"">Battery : ORIGINAL 4.4AH 36V Pack (SAMSUNG CELLS) With Quick Charge 2.0 Battery Management System</strong></b></span></p>
<p data-mce-fragment=""1""><span data-mce-fragment=""1""><b data-mce-fragment=""1""><strong data-mce-fragment=""1"">Tyre: 6.5″ Solid Rubber Tubeless Tyre</strong></b></span></p>
<p data-mce-fragment=""1""><span data-mce-fragment=""1""><b data-mce-fragment=""1""><strong data-mce-fragment=""1"">Range Per Charge : 15-20KM (According To User Weight Load/ Ground Condition /Weather)</strong></b></span></p>
<p data-mce-fragment=""1""><span data-mce-fragment=""1""><b data-mce-fragment=""1""><strong data-mce-fragment=""1"">Maximum Speed : 10-18 KM/H (As Per User Weight Load)</strong></b></span></p>
<p data-mce-fragment=""1""><span data-mce-fragment=""1""><b data-mce-fragment=""1""><strong data-mce-fragment=""1"">Max Load Capacity : 120kg</strong></b></span></p>
<p data-mce-fragment=""1""><span data-mce-fragment=""1""><b data-mce-fragment=""1""><strong data-mce-fragment=""1"">Bluetooth : YES (Play Music By Connecting With Any Bluetooth Device)</strong></b></span></p>
<p data-mce-fragment=""1""><span data-mce-fragment=""1""><b data-mce-fragment=""1""><strong data-mce-fragment=""1"">Wheel Arch LEDs: Yes</strong></b></span></p>
<p data-mce-fragment=""1""><span data-mce-fragment=""1""><b data-mce-fragment=""1""><strong data-mce-fragment=""1"">Battery Indicator : Yes</strong></b></span></p>
<p data-mce-fragment=""1""><span data-mce-fragment=""1""><b data-mce-fragment=""1""><strong data-mce-fragment=""1"">Gradeability : 20 Degrees</strong></b></span></p>
<p data-mce-fragment=""1""><span data-mce-fragment=""1""><b data-mce-fragment=""1""><strong data-mce-fragment=""1"">Material: Solid Aluminium Main Frame + Abs Body</strong></b></span></p>
<p data-mce-fragment=""1""><span data-mce-fragment=""1""><b data-mce-fragment=""1""><strong data-mce-fragment=""1"">Net Weight: 11KG</strong></b></span></p>
<p data-mce-fragment=""1""><span data-mce-fragment=""1""><b data-mce-fragment=""1""><strong data-mce-fragment=""1"">Ground Clearance : 46MM</strong></b></span></p>
<p data-mce-fragment=""1""><span data-mce-fragment=""1""><b data-mce-fragment=""1""><strong data-mce-fragment=""1"">Box Size: 250X665X260 CM</strong></b></span></p>
<p data-mce-fragment=""1""><span data-mce-fragment=""1""><b data-mce-fragment=""1""><strong data-mce-fragment=""1"">Delivery Time : Ready Stock – Same Day Quick Dispatch (Shipping Time 2-4 Business Days)</strong></b></span></p>
<p data-mce-fragment=""1""> </p>
</td>
</tr>
</tbody>
</table>",https://cdn.shopify.com/s/files/1/0828/1908/8689/products/HTB1eIAMqUl7MKJjSZFDq6yOEpXal-1000x1000w.jpg?v=1694512822
,,,,,,,https://cdn.shopify.com/s/files/1/0828/1908/8689/products/1-1000x1000.jpg?v=1694512822
,,,,,,,https://cdn.shopify.com/s/files/1/0828/1908/8689/products/4-1000x1000.jpg?v=1694512822
,,,,,,,https://cdn.shopify.com/s/files/1/0828/1908/8689/products/5-1000x1000.jpg?v=1694512822
,,,,,,,https://cdn.shopify.com/s/files/1/0828/1908/8689/products/6-1000x1000.jpg?v=1694512822
,,,,,,,https://cdn.shopify.com/s/files/1/0828/1908/8689/products/3-1000x1000.jpg?v=1694512822
,,,,,,,https://cdn.shopify.com/s/files/1/0828/1908/8689/products/7-1000x1000.jpg?v=1694512822
,,,,,,,https://cdn.shopify.com/s/files/1/0828/1908/8689/products/2-1000x1000.jpg?v=1694512822
Baybee 2 in 1 Baby Horse Rider-Kids Ride-On Push Car Age 1-3 Years,Default Title,,,499,2399,<p>Baybee 2 in 1 Baby Horse Rider-Kids Ride-On Push Car Age 1-3 Years</p>,https://cdn.shopify.com/s/files/1/0828/1908/8689/products/61HWEG4GveL.jpg?v=1694512810
,,,,,,,https://cdn.shopify.com/s/files/1/0828/1908/8689/products/71gL9dvlbjL_0f78321a-e816-45df-88ad-8c91f739cfaf.jpg?v=1694512810
,,,,,,,https://cdn.shopify.com/s/files/1/0828/1908/8689/products/712G9GoOs5L.jpg?v=1694512810
,,,,,,,https://cdn.shopify.com/s/files/1/0828/1908/8689/products/71ns3uIABpL.jpg?v=1694512810
,,,,,,,https://cdn.shopify.com/s/files/1/0828/1908/8689/products/71gL9dvlbjL.jpg?v=1694512810
,,,,,,,https://cdn.shopify.com/s/files/1/0828/1908/8689/products/613DhttXGLL.jpg?v=1694512810
,,,,,,,https://cdn.shopify.com/s/files/1/0828/1908/8689/products/61W3z0MCcbL.jpg?v=1694512810
BAYBEE 2 in 1 Baby Horse Rider-Kids Ride-On Push Car for Kids Boys & Girls,Default Title,,,499,2499,<p>BAYBEE 2 in 1 Baby Horse Rider-Kids Ride-On Push Car for Kids Boys &amp; Girls</p>,https://cdn.shopify.com/s/files/1/0828/1908/8689/products/61psgYp_B7L.jpg?v=1694512798
,,,,,,,https://cdn.shopify.com/s/files/1/0828/1908/8689/products/614QYJOyEpL.jpg?v=1694512798
,,,,,,,https://cdn.shopify.com/s/files/1/0828/1908/8689/products/71owKf4VamL.jpg?v=1694512798
,,,,,,,https://cdn.shopify.com/s/files/1/0828/1908/8689/products/61C2myzXWvL.jpg?v=1694512798
,,,,,,,https://cdn.shopify.com/s/files/1/0828/1908/8689/products/613LWl5A_zL.jpg?v=1694512798
,,,,,,,https://cdn.shopify.com/s/files/1/0828/1908/8689/products/61umwiujrkL.jpg?v=1694512798
,,,,,,,https://cdn.shopify.com/s/files/1/0828/1908/8689/products/61GllH4QIdL.jpg?v=1694512798
Baybee Pinto Horse Push Car Rider for Kids with Smooth Wheels Baby Car,Green,,,399,2999,<p>Baybee Pinto Horse Push Car Rider for Kids with Smooth Wheels Baby Car</p>,https://cdn.shopify.com/s/files/1/0828/1908/8689/products/61kxy1YPwdL.jpg?v=1694512785
,Red,,,399,2999,,https://cdn.shopify.com/s/files/1/0828/1908/8689/products/61B7Qx4TGbL.jpg?v=1694512785
,Pink,,,399,2999,,https://cdn.shopify.com/s/files/1/0828/1908/8689/products/61nlTSoHFiL.jpg?v=1694512785
,Blue,,,399,2999,,https://cdn.shopify.com/s/files/1/0828/1908/8689/products/61Evi-W2NQL.jpg?v=1694512785
,,,,,,,https://cdn.shopify.com/s/files/1/0828/1908/8689/products/61hvheUtRDL.jpg?v=1694512785
,,,,,,,https://cdn.shopify.com/s/files/1/0828/1908/8689/products/61k4XMSlIrL.jpg?v=1694512785
,,,,,,,https://cdn.shopify.com/s/files/1/0828/1908/8689/products/61aEsSIrUNL.jpg?v=1694512785
,,,,,,,https://cdn.shopify.com/s/files/1/0828/1908/8689/products/51L_Q7p1gMS.jpg?v=1694512785
,,,,,,,https://cdn.shopify.com/s/files/1/0828/1908/8689/products/51S-hJX39cS.jpg?v=1694512785
,,,,,,,https://cdn.shopify.com/s/files/1/0828/1908/8689/products/61KpYxHX5NS.jpg?v=1694512785
,,,,,,,https://cdn.shopify.com/s/files/1/0828/1908/8689/products/61VFXpdpHxS.jpg?v=1694512785
,,,,,,,https://cdn.shopify.com/s/files/1/0828/1908/8689/products/51_3FqwH2mS.jpg?v=1694512785
,,,,,,,https://cdn.shopify.com/s/files/1/0828/1908/8689/products/51kKobkGbIS.jpg?v=1694512785
,,,,,,,https://cdn.shopify.com/s/files/1/0828/1908/8689/products/61EvCeV-z4S.jpg?v=1694512785
,,,,,,,https://cdn.shopify.com/s/files/1/0828/1908/8689/products/61zu3GKjS7L.jpg?v=1694512785
,,,,,,,https://cdn.shopify.com/s/files/1/0828/1908/8689/products/61KHhxv1_8S.jpg?v=1694512785
,,,,,,,https://cdn.shopify.com/s/files/1/0828/1908/8689/products/515Wj41El_S.jpg?v=1694512785
,,,,,,,https://cdn.shopify.com/s/files/1/0828/1908/8689/products/51L6IrTEM5S.jpg?v=1694512785
,,,,,,,https://cdn.shopify.com/s/files/1/0828/1908/8689/products/51dCawvsm8S.jpg?v=1694512785
,,,,,,,https://cdn.shopify.com/s/files/1/0828/1908/8689/products/51LJT_FUsLS.jpg?v=1694512785
,,,,,,,https://cdn.shopify.com/s/files/1/0828/1908/8689/products/5174ZQoYmOS.jpg?v=1694512785
,,,,,,,https://cdn.shopify.com/s/files/1/0828/1908/8689/products/51CfawZeu0S.jpg?v=1694512785
,,,,,,,https://cdn.shopify.com/s/files/1/0828/1908/8689/products/61KnRYskUSS.jpg?v=1694512785
,,,,,,,https://cdn.shopify.com/s/files/1/0828/1908/8689/products/51YF_KdOrKL.jpg?v=1694512786
,,,,,,,https://cdn.shopify.com/s/files/1/0828/1908/8689/products/61fs3HO6SpL.jpg?v=1694512786
,,,,,,,https://cdn.shopify.com/s/files/1/0828/1908/8689/products/51oCmAitzeS.jpg?v=1694512786
,,,,,,,https://cdn.shopify.com/s/files/1/0828/1908/8689/products/51FP6jmoeFS.jpg?v=1694512786
,,,,,,,https://cdn.shopify.com/s/files/1/0828/1908/8689/products/61CfAfqgJUS.jpg?v=1694512786
,,,,,,,https://cdn.shopify.com/s/files/1/0828/1908/8689/products/51OuIRw8_tS.jpg?v=1694512786
,,,,,,,https://cdn.shopify.com/s/files/1/0828/1908/8689/products/51Fr5ajNduS.jpg?v=1694512786
,,,,,,,https://cdn.shopify.com/s/files/1/0828/1908/8689/products/51K9H01WTUS.jpg?v=1694512786
,,,,,,,https://cdn.shopify.com/s/files/1/0828/1908/8689/products/61mNHlpp36S.jpg?v=1694512786
,,,,,,,https://cdn.shopify.com/s/files/1/0828/1908/8689/products/617dKJNvgsL.jpg?v=1694512786
,,,,,,,https://cdn.shopify.com/s/files/1/0828/1908/8689/products/61i0Hs8opfL.jpg?v=1694512786
Baybee 3 in 1 Push and Go Rolling Dog Car Toys for Kids,Default Title,,,499,629,<p>Baybee 3 in 1 Push and Go Rolling Dog Car Toys for Kids</p>,https://cdn.shopify.com/s/files/1/0828/1908/8689/products/61MYLXYNmBL._SL1500.jpg?v=1694512651
,,,,,,,https://cdn.shopify.com/s/files/1/0828/1908/8689/products/71FM176McnL._SL1500.jpg?v=1694512651
,,,,,,,https://cdn.shopify.com/s/files/1/0828/1908/8689/products/61dQI2q-nGL._SL1500.jpg?v=1694512651
,,,,,,,https://cdn.shopify.com/s/files/1/0828/1908/8689/products/71iU-7XGgXL._SL1500.jpg?v=1694512651
,,,,,,,https://cdn.shopify.com/s/files/1/0828/1908/8689/products/71A2PchNYRL._SL1500.jpg?v=1694512651
,,,,,,,https://cdn.shopify.com/s/files/1/0828/1908/8689/products/61pNZD5eepL._SL1500.jpg?v=1694512651
,,,,,,,https://cdn.shopify.com/s/files/1/0828/1908/8689/products/614CFBIV2uL._SL1500.jpg?v=1694512651
"Baybee Battery Operated Jeep for Kids, Ride on Toy Kids Car with LED Light & Music",Red,,,599,19999,"<p>Baybee Battery Operated Jeep for Kids, Ride on Toy Kids Car with LED Light &amp; Music</p>",https://cdn.shopify.com/s/files/1/0828/1908/8689/products/71csfKg1WWL.jpg?v=1694512614
,White,,,599,19999,,https://cdn.shopify.com/s/files/1/0828/1908/8689/products/71DdgZOxL9L.jpg?v=1694512614
,Blue,,,599,19999,,https://cdn.shopify.com/s/files/1/0828/1908/8689/products/717o-xQSqpL.jpg?v=1694512614
,Green,,,599,19999,,https://cdn.shopify.com/s/files/1/0828/1908/8689/products/7117aaIS0wL.jpg?v=1694512614
,,,,,,,https://cdn.shopify.com/s/files/1/0828/1908/8689/products/71y2NxofNQL.jpg?v=1694512614
,,,,,,,https://cdn.shopify.com/s/files/1/0828/1908/8689/products/71MH83duUaL.jpg?v=1694512614
,,,,,,,https://cdn.shopify.com/s/files/1/0828/1908/8689/products/71zHN-02qXL.jpg?v=1694512614
,,,,,,,https://cdn.shopify.com/s/files/1/0828/1908/8689/products/71AFU8rc2FL.jpg?v=1694512614
,,,,,,,https://cdn.shopify.com/s/files/1/0828/1908/8689/products/71wjfGLmktL.jpg?v=1694512614
,,,,,,,https://cdn.shopify.com/s/files/1/0828/1908/8689/products/71pYwiDmk9L.jpg?v=1694512614
,,,,,,,https://cdn.shopify.com/s/files/1/0828/1908/8689/products/71hEE-3h1TL.jpg?v=1694512614
,,,,,,,https://cdn.shopify.com/s/files/1/0828/1908/8689/products/71yQ_v2TH_L.jpg?v=1694512614
,,,,,,,https://cdn.shopify.com/s/files/1/0828/1908/8689/products/71C1JZFi9KL.jpg?v=1694512614
,,,,,,,https://cdn.shopify.com/s/files/1/0828/1908/8689/products/71Jc54J2tTL.jpg?v=1694512615
,,,,,,,https://cdn.shopify.com/s/files/1/0828/1908/8689/products/71fKCPFTSSL.jpg?v=1694512615
,,,,,,,https://cdn.shopify.com/s/files/1/0828/1908/8689/products/71GWpCKmV3L.jpg?v=1694512615
,,,,,,,https://cdn.shopify.com/s/files/1/0828/1908/8689/products/71jQzLjypPL.jpg?v=1694512615
,,,,,,,https://cdn.shopify.com/s/files/1/0828/1908/8689/products/71RJ8FxDTsL.jpg?v=1694512615
,,,,,,,https://cdn.shopify.com/s/files/1/0828/1908/8689/products/71KoAbLhzcL.jpg?v=1694512615
,,,,,,,https://cdn.shopify.com/s/files/1/0828/1908/8689/products/71qGLr4NFEL.jpg?v=1694512615
,,,,,,,https://cdn.shopify.com/s/files/1/0828/1908/8689/products/71O5fAv_SfL.jpg?v=1694512615
,,,,,,,https://cdn.shopify.com/s/files/1/0828/1908/8689/products/71NhWcUAxDL.jpg?v=1694512615
,,,,,,,https://cdn.shopify.com/s/files/1/0828/1908/8689/products/719A3NXgDrL.jpg?v=1694512615
,,,,,,,https://cdn.shopify.com/s/files/1/0828/1908/8689/products/71venZ5aK1L.jpg?v=1694512615
,,,,,,,https://cdn.shopify.com/s/files/1/0828/1908/8689/products/51i8KvdKE2L.jpg?v=1694512615
,,,,,,,https://cdn.shopify.com/s/files/1/0828/1908/8689/products/51m3lT_FeBL.jpg?v=1694512615
,,,,,,,https://cdn.shopify.com/s/files/1/0828/1908/8689/products/517VR8OsaaL.jpg?v=1694512615
,,,,,,,https://cdn.shopify.com/s/files/1/0828/1908/8689/products/51UdKnoL7wL.jpg?v=1694512615
,,,,,,,https://cdn.shopify.com/s/files/1/0828/1908/8689/products/5165T6V0kpL.jpg?v=1694512615
,,,,,,,https://cdn.shopify.com/s/files/1/0828/1908/8689/products/51hbqVfpNUL.jpg?v=1694512615
,,,,,,,https://cdn.shopify.com/s/files/1/0828/1908/8689/products/51nVuaAQGbL.jpg?v=1694512615
,,,,,,,https://cdn.shopify.com/s/files/1/0828/1908/8689/products/51DQfl87_hL.jpg?v=1694512615
"Baybee Roar Battery Operated Jeep for Kids, Ride on Kids Car with Bluetooth & Music, Baby Big Rechargeable Battery Car Jeep",Blue,,,549,19999,"<p>Baybee Roar Battery Operated Jeep for Kids, Ride on Kids Car with Bluetooth &amp; Music, Baby Big Rechargeable Battery Car Jeep</p>",https://cdn.shopify.com/s/files/1/0828/1908/8689/products/71wMaS98ngL.jpg?v=1694512568
,Yellow,,,549,19999,,https://cdn.shopify.com/s/files/1/0828/1908/8689/products/71g4FX82IxL.jpg?v=1694512568
,White,,,549,19999,,https://cdn.shopify.com/s/files/1/0828/1908/8689/products/71t5k5YLa7L.jpg?v=1694512568
,Red,,,549,19999,,https://cdn.shopify.com/s/files/1/0828/1908/8689/products/710V1IeHaoL.jpg?v=1694512568
,,,,,,,https://cdn.shopify.com/s/files/1/0828/1908/8689/products/71ZofgKVFqL.jpg?v=1694512568
,,,,,,,https://cdn.shopify.com/s/files/1/0828/1908/8689/products/71GNrcAR0yL.jpg?v=1694512568
,,,,,,,https://cdn.shopify.com/s/files/1/0828/1908/8689/products/718d9g8DsIL.jpg?v=1694512568
,,,,,,,https://cdn.shopify.com/s/files/1/0828/1908/8689/products/71xrN35rahL.jpg?v=1694512568
,,,,,,,https://cdn.shopify.com/s/files/1/0828/1908/8689/products/713h2cr9LKL.jpg?v=1694512568
,,,,,,,https://cdn.shopify.com/s/files/1/0828/1908/8689/products/71R8zD59jDL.jpg?v=1694512568
,,,,,,,https://cdn.shopify.com/s/files/1/0828/1908/8689/products/715jM8eh-lL.jpg?v=1694512568
,,,,,,,https://cdn.shopify.com/s/files/1/0828/1908/8689/products/71r416qnp7L.jpg?v=1694512568
,,,,,,,https://cdn.shopify.com/s/files/1/0828/1908/8689/products/717sIoFfZbL.jpg?v=1694512568
,,,,,,,https://cdn.shopify.com/s/files/1/0828/1908/8689/products/71o9b1LUJHL.jpg?v=1694512568
,,,,,,,https://cdn.shopify.com/s/files/1/0828/1908/8689/products/71URXCUN51L.jpg?v=1694512568
,,,,,,,https://cdn.shopify.com/s/files/1/0828/1908/8689/products/71-3qLa-lrL.jpg?v=1694512568
,,,,,,,https://cdn.shopify.com/s/files/1/0828/1908/8689/products/71y4g70UvsL.jpg?v=1694512568
,,,,,,,https://cdn.shopify.com/s/files/1/0828/1908/8689/products/71QXuc6z0sL.jpg?v=1694512569
,,,,,,,https://cdn.shopify.com/s/files/1/0828/1908/8689/products/71XFVByAehL.jpg?v=1694512569
,,,,,,,https://cdn.shopify.com/s/files/1/0828/1908/8689/products/71zxwH5SaBL.jpg?v=1694512569
,,,,,,,https://cdn.shopify.com/s/files/1/0828/1908/8689/products/719lFEoUmDL.jpg?v=1694512569
,,,,,,,https://cdn.shopify.com/s/files/1/0828/1908/8689/products/71Bna8qCrwL.jpg?v=1694512569
,,,,,,,https://cdn.shopify.com/s/files/1/0828/1908/8689/products/71ATqvIF2EL.jpg?v=1694512569
,,,,,,,https://cdn.shopify.com/s/files/1/0828/1908/8689/products/710-isygDtL.jpg?v=1694512569
,,,,,,,https://cdn.shopify.com/s/files/1/0828/1908/8689/products/71VR-_m6XnL.jpg?v=1694512569
,,,,,,,https://cdn.shopify.com/s/files/1/0828/1908/8689/products/71GENzPUFYL.jpg?v=1694512569
,,,,,,,https://cdn.shopify.com/s/files/1/0828/1908/8689/products/71VuU9FRTZL.jpg?v=1694512569
,,,,,,,https://cdn.shopify.com/s/files/1/0828/1908/8689/products/712J3_3beKL.jpg?v=1694512569
,,,,,,,https://cdn.shopify.com/s/files/1/0828/1908/8689/products/71PWAvlVSpL.jpg?v=1694512569
,,,,,,,https://cdn.shopify.com/s/files/1/0828/1908/8689/products/71o-N3S8dYL.jpg?v=1694512569
,,,,,,,https://cdn.shopify.com/s/files/1/0828/1908/8689/products/712vIJlVf8L.jpg?v=1694512569
,,,,,,,https://cdn.shopify.com/s/files/1/0828/1908/8689/products/71cdF5utJHL.jpg?v=1694512569
"Baybee Battery Operated Ride on Electric Car for Kids, Ride on Baby Car with Music & USB, Electric Kids Baby Big Car",Red,,,599,22999,"<p>Baybee Battery Operated Ride on Electric Car for Kids, Ride on Baby Car with Music &amp; USB, Electric Kids Baby Big Car</p>",https://cdn.shopify.com/s/files/1/0828/1908/8689/products/71gzmxXZs7L.jpg?v=1694512439
,Yellow,,,599,22999,,https://cdn.shopify.com/s/files/1/0828/1908/8689/products/71qWg4Dw44L.jpg?v=1694512439
,White,,,599,22999,,https://cdn.shopify.com/s/files/1/0828/1908/8689/products/71RO5uhYpsL.jpg?v=1694512439
,,,,,,,https://cdn.shopify.com/s/files/1/0828/1908/8689/products/71OM-qcUbiL.jpg?v=1694512439
,,,,,,,https://cdn.shopify.com/s/files/1/0828/1908/8689/products/71y-TLptrtL.jpg?v=1694512439
,,,,,,,https://cdn.shopify.com/s/files/1/0828/1908/8689/products/71TCS7wtoEL.jpg?v=1694512439
,,,,,,,https://cdn.shopify.com/s/files/1/0828/1908/8689/products/71b4G60xjdL.jpg?v=1694512439
,,,,,,,https://cdn.shopify.com/s/files/1/0828/1908/8689/products/71k52JEPiqL.jpg?v=1694512439
,,,,,,,https://cdn.shopify.com/s/files/1/0828/1908/8689/products/710-zeCs-9L.jpg?v=1694512439
,,,,,,,https://cdn.shopify.com/s/files/1/0828/1908/8689/products/71OtQm7VNcL.jpg?v=1694512439
,,,,,,,https://cdn.shopify.com/s/files/1/0828/1908/8689/products/71ccgoFgDRL.jpg?v=1694512439
,,,,,,,https://cdn.shopify.com/s/files/1/0828/1908/8689/products/71owr4pBZeL.jpg?v=1694512439
,,,,,,,https://cdn.shopify.com/s/files/1/0828/1908/8689/products/81Q3huXKvBL.jpg?v=1694512439
,,,,,,,https://cdn.shopify.com/s/files/1/0828/1908/8689/products/71DTasxf4iL.jpg?v=1694512439
,,,,,,,https://cdn.shopify.com/s/files/1/0828/1908/8689/products/71nV42jKIkL.jpg?v=1694512439
,,,,,,,https://cdn.shopify.com/s/files/1/0828/1908/8689/products/71BMULfYVjL.jpg?v=1694512439
,,,,,,,https://cdn.shopify.com/s/files/1/0828/1908/8689/products/71UfOP4AliL.jpg?v=1694512439
,,,,,,,https://cdn.shopify.com/s/files/1/0828/1908/8689/products/71oWpFXUnHL.jpg?v=1694512439
,,,,,,,https://cdn.shopify.com/s/files/1/0828/1908/8689/products/61lPBy_yrML.jpg?v=1694512439
,,,,,,,https://cdn.shopify.com/s/files/1/0828/1908/8689/products/71lLMCB_ZrL.jpg?v=1694512439
,,,,,,,https://cdn.shopify.com/s/files/1/0828/1908/8689/products/71M8VPba7RL.jpg?v=1694512439
,,,,,,,https://cdn.shopify.com/s/files/1/0828/1908/8689/products/71oT3PJLvkL.jpg?v=1694512439
,,,,,,,https://cdn.shopify.com/s/files/1/0828/1908/8689/products/71Y7_KqfZtL.jpg?v=1694512439
,,,,,,,https://cdn.shopify.com/s/files/1/0828/1908/8689/products/71wbBW5ZiIL.jpg?v=1694512439
,,,,,,,https://cdn.shopify.com/s/files/1/0828/1908/8689/products/717I3uQhU2L.jpg?v=1694512439
,,,,,,,https://cdn.shopify.com/s/files/1/0828/1908/8689/products/71nEHpvhsdL.jpg?v=1694512439
,,,,,,,https://cdn.shopify.com/s/files/1/0828/1908/8689/products/71vHITkEsiL.jpg?v=1694512439
"Baybee Bufi Kids Battery Operated Car for Kids, Ride on Kids",Red,,,599,12999,"<p>Baybee Bufi Kids Battery Operated Car for Kids, Ride on Kids</p>",https://cdn.shopify.com/s/files/1/0828/1908/8689/products/61ou-1DfawL.jpg?v=1694512286
,White,,,599,12999,,https://cdn.shopify.com/s/files/1/0828/1908/8689/products/81Y18PqXbKL.jpg?v=1694512286
,Yellow,,,599,12999,,https://cdn.shopify.com/s/files/1/0828/1908/8689/products/814LU4xu0dL.jpg?v=1694512286
,Blue,,,599,12999,,https://cdn.shopify.com/s/files/1/0828/1908/8689/products/71EG_8x5bRL.jpg?v=1694512286
,,,,,,,https://cdn.shopify.com/s/files/1/0828/1908/8689/products/71vMBlHMMjL.jpg?v=1694512286
,,,,,,,https://cdn.shopify.com/s/files/1/0828/1908/8689/products/61nn_eoDgXL.jpg?v=1694512286
,,,,,,,https://cdn.shopify.com/s/files/1/0828/1908/8689/products/81pfh6-st5L.jpg?v=1694512286
,,,,,,,https://cdn.shopify.com/s/files/1/0828/1908/8689/products/71j8kH5YqoL.jpg?v=1694512286
,,,,,,,https://cdn.shopify.com/s/files/1/0828/1908/8689/products/61_lb41W95L.jpg?v=1694512286
,,,,,,,https://cdn.shopify.com/s/files/1/0828/1908/8689/products/61K16cM_J1L.jpg?v=1694512286
,,,,,,,https://cdn.shopify.com/s/files/1/0828/1908/8689/products/61nBDepXPyL.jpg?v=1694512286
,,,,,,,https://cdn.shopify.com/s/files/1/0828/1908/8689/products/81LcbbX10SL.jpg?v=1694512286
,,,,,,,https://cdn.shopify.com/s/files/1/0828/1908/8689/products/81YkqfOUk4L.jpg?v=1694512286
,,,,,,,https://cdn.shopify.com/s/files/1/0828/1908/8689/products/711kLvG4yNL.jpg?v=1694512286
,,,,,,,https://cdn.shopify.com/s/files/1/0828/1908/8689/products/61TxFNFubLL.jpg?v=1694512286
,,,,,,,https://cdn.shopify.com/s/files/1/0828/1908/8689/products/81KJSg-zFYL.jpg?v=1694512286
,,,,,,,https://cdn.shopify.com/s/files/1/0828/1908/8689/products/71x3tb_eEJL_7534b1d9-c58f-4443-8542-5130249d2dc7.jpg?v=1694512286
,,,,,,,https://cdn.shopify.com/s/files/1/0828/1908/8689/products/71x3tb_eEJL.jpg?v=1694512286
,,,,,,,https://cdn.shopify.com/s/files/1/0828/1908/8689/products/81Bk-LkNNKL.jpg?v=1694512286
,,,,,,,https://cdn.shopify.com/s/files/1/0828/1908/8689/products/71cQcgkCVdL.jpg?v=1694512286
,,,,,,,https://cdn.shopify.com/s/files/1/0828/1908/8689/products/71EwI1yjHCL.jpg?v=1694512286
Baybee Nexus Magic Swing Cars for Kids Twister Magic Car for Kids with LED Light,Red,,,399,2999,<p>Baybee Nexus Magic Swing Cars for Kids Twister Magic Car for Kids with LED Light</p>,https://cdn.shopify.com/s/files/1/0828/1908/8689/products/61FkUHYHgSL.jpg?v=1694511920
,Pink,,,399,2999,,https://cdn.shopify.com/s/files/1/0828/1908/8689/products/61Xscmj70UL.jpg?v=1694511920
,Green,,,399,2999,,https://cdn.shopify.com/s/files/1/0828/1908/8689/products/71KCGmV6weL.jpg?v=1694511920
,Blue,,,399,2999,,https://cdn.shopify.com/s/files/1/0828/1908/8689/products/61EDF9oOxQL.jpg?v=1694511920
,,,,,,,https://cdn.shopify.com/s/files/1/0828/1908/8689/products/61t_jY5q9bL.jpg?v=1694511920
,,,,,,,https://cdn.shopify.com/s/files/1/0828/1908/8689/products/6170i5Dd9wL.jpg?v=1694511920
,,,,,,,https://cdn.shopify.com/s/files/1/0828/1908/8689/products/610D3YWTOlL.jpg?v=1694511920
,,,,,,,https://cdn.shopify.com/s/files/1/0828/1908/8689/products/610CeNF0hJL.jpg?v=1694511920
,,,,,,,https://cdn.shopify.com/s/files/1/0828/1908/8689/products/618noWaxJzL.jpg?v=1694511920
,,,,,,,https://cdn.shopify.com/s/files/1/0828/1908/8689/products/61q1dYxcMFL.jpg?v=1694511920
,,,,,,,https://cdn.shopify.com/s/files/1/0828/1908/8689/products/6133JzEGbGL.jpg?v=1694511920
,,,,,,,https://cdn.shopify.com/s/files/1/0828/1908/8689/products/61-qborRYcL.jpg?v=1694511920
,,,,,,,https://cdn.shopify.com/s/files/1/0828/1908/8689/products/6163AanYa4L.jpg?v=1694511920
,,,,,,,https://cdn.shopify.com/s/files/1/0828/1908/8689/products/61tAlJW2dnL.jpg?v=1694511920
,,,,,,,https://cdn.shopify.com/s/files/1/0828/1908/8689/products/61LgL-Fw4mL.jpg?v=1694511920
,,,,,,,https://cdn.shopify.com/s/files/1/0828/1908/8689/products/619EdlyO10L.jpg?v=1694511920
,,,,,,,https://cdn.shopify.com/s/files/1/0828/1908/8689/products/61pUmlFnDXL.jpg?v=1694511920
,,,,,,,https://cdn.shopify.com/s/files/1/0828/1908/8689/products/71aNvqznn7L.jpg?v=1694511920
,,,,,,,https://cdn.shopify.com/s/files/1/0828/1908/8689/products/61FBMig8TpL.jpg?v=1694511920
,,,,,,,https://cdn.shopify.com/s/files/1/0828/1908/8689/products/614tx17GfoL.jpg?v=1694511920
,,,,,,,https://cdn.shopify.com/s/files/1/0828/1908/8689/products/617ECCcvrwL.jpg?v=1694511920
,,,,,,,https://cdn.shopify.com/s/files/1/0828/1908/8689/products/61ecHX7zjWL.jpg?v=1694511920
,,,,,,,https://cdn.shopify.com/s/files/1/0828/1908/8689/products/71FIfXZ4VjL.jpg?v=1694511920
,,,,,,,https://cdn.shopify.com/s/files/1/0828/1908/8689/products/71S9EZ78jrL.jpg?v=1694511920
,,,,,,,https://cdn.shopify.com/s/files/1/0828/1908/8689/products/71d97HvxV7L.jpg?v=1694511920
,,,,,,,https://cdn.shopify.com/s/files/1/0828/1908/8689/products/71iV3uQy8gL.jpg?v=1694511920
,,,,,,,https://cdn.shopify.com/s/files/1/0828/1908/8689/products/61C8IjL5utL.jpg?v=1694511920
Baybee Raptor Twister Wiggle Magic Swing Cars for Kids with LED Light,Dark Blue,,,449,2999,<p>Baybee Raptor Twister Wiggle Magic Swing Cars for Kids with LED Light</p>,https://cdn.shopify.com/s/files/1/0828/1908/8689/products/61oyRfLIeTL.jpg?v=1694511881
,Red,,,449,2999,,https://cdn.shopify.com/s/files/1/0828/1908/8689/products/71KgkzI7UgL.jpg?v=1694511881
,,,,,,,https://cdn.shopify.com/s/files/1/0828/1908/8689/products/71utYBY7nbL.jpg?v=1694511881
,,,,,,,https://cdn.shopify.com/s/files/1/0828/1908/8689/products/71QvA0e8erL.jpg?v=1694511881
,,,,,,,https://cdn.shopify.com/s/files/1/0828/1908/8689/products/71lNuyF9U-L.jpg?v=1694511882
,,,,,,,https://cdn.shopify.com/s/files/1/0828/1908/8689/products/714dnlT_kkL.jpg?v=1694511882
,,,,,,,https://cdn.shopify.com/s/files/1/0828/1908/8689/products/71sIly1DHPL.jpg?v=1694511882
,,,,,,,https://cdn.shopify.com/s/files/1/0828/1908/8689/products/61heokMwt2L.jpg?v=1694511882
,,,,,,,https://cdn.shopify.com/s/files/1/0828/1908/8689/products/71KmFgLLOQL.jpg?v=1694511882
,,,,,,,https://cdn.shopify.com/s/files/1/0828/1908/8689/products/71C3IdOgo6L.jpg?v=1694511882
,,,,,,,https://cdn.shopify.com/s/files/1/0828/1908/8689/products/711of82HeIL.jpg?v=1694511882
,,,,,,,https://cdn.shopify.com/s/files/1/0828/1908/8689/products/71ZCFQAzuuL.jpg?v=1694511882
,,,,,,,https://cdn.shopify.com/s/files/1/0828/1908/8689/products/71jsKP-LLbL.jpg?v=1694511882
,,,,,,,https://cdn.shopify.com/s/files/1/0828/1908/8689/products/71Tfnh1aYAL.jpg?v=1694511882
Baybee Aero Twister Magic Swing Ride on Toy Cars for Kids with PU Led Wheels,Orange,,,499,6999,<p>Baybee Aero Twister Magic Swing Ride on Toy Cars for Kids with PU Led Wheels</p>,https://cdn.shopify.com/s/files/1/0828/1908/8689/products/61ika4uYqUL.jpg?v=1694511764
,Blue,,,499,6999,,https://cdn.shopify.com/s/files/1/0828/1908/8689/products/61xOfhzWrdL.jpg?v=1694511764
,Pink,,,499,6999,,https://cdn.shopify.com/s/files/1/0828/1908/8689/products/71eU2I-kwmL.jpg?v=1694511764
,,,,,,,https://cdn.shopify.com/s/files/1/0828/1908/8689/products/71RhcKQx7bL.jpg?v=1694511764
,,,,,,,https://cdn.shopify.com/s/files/1/0828/1908/8689/products/619Oo9VtjyL.jpg?v=1694511764
,,,,,,,https://cdn.shopify.com/s/files/1/0828/1908/8689/products/71PgPzQP5rL.jpg?v=1694511764
,,,,,,,https://cdn.shopify.com/s/files/1/0828/1908/8689/products/61vcpIg_CoL.jpg?v=1694511764
,,,,,,,https://cdn.shopify.com/s/files/1/0828/1908/8689/products/71IxD11LU7L.jpg?v=1694511764
,,,,,,,https://cdn.shopify.com/s/files/1/0828/1908/8689/products/61PmebqKslL.jpg?v=1694511764
,,,,,,,https://cdn.shopify.com/s/files/1/0828/1908/8689/products/61nbGtlLPSL.jpg?v=1694511764
,,,,,,,https://cdn.shopify.com/s/files/1/0828/1908/8689/products/71N3hXqvMGL.jpg?v=1694511764
,,,,,,,https://cdn.shopify.com/s/files/1/0828/1908/8689/products/7130ja1YhTL.jpg?v=1694511764
,,,,,,,https://cdn.shopify.com/s/files/1/0828/1908/8689/products/61W-Fn2aKxL.jpg?v=1694511764
,,,,,,,https://cdn.shopify.com/s/files/1/0828/1908/8689/products/71UWRBn1uwL.jpg?v=1694511764
,,,,,,,https://cdn.shopify.com/s/files/1/0828/1908/8689/products/61rD2dG-LIL.jpg?v=1694511764
,,,,,,,https://cdn.shopify.com/s/files/1/0828/1908/8689/products/71hNN_OVjQL.jpg?v=1694511764
,,,,,,,https://cdn.shopify.com/s/files/1/0828/1908/8689/products/61s4kAIaoGL.jpg?v=1694511765
,,,,,,,https://cdn.shopify.com/s/files/1/0828/1908/8689/products/618KP8aAXLL.jpg?v=1694511765
,,,,,,,https://cdn.shopify.com/s/files/1/0828/1908/8689/products/71ZG4CDAx1L.jpg?v=1694511765
,,,,,,,https://cdn.shopify.com/s/files/1/0828/1908/8689/products/71h2OXyqY9L.jpg?v=1694511765
,,,,,,,https://cdn.shopify.com/s/files/1/0828/1908/8689/products/71j4_KzgbML.jpg?v=1694511765
,,,,,,,https://cdn.shopify.com/s/files/1/0828/1908/8689/products/71q7b2KnaJL.jpg?v=1694511765
,,,,,,,https://cdn.shopify.com/s/files/1/0828/1908/8689/products/611VZnxY1LL.jpg?v=1694511765
,,,,,,,https://cdn.shopify.com/s/files/1/0828/1908/8689/products/71lr3HCpeAL.jpg?v=1694511765
Baybee Magic Swing Push Ride on Cars for Kids with LED Light,Pink,,,499,3999,<p>Baybee Magic Swing Push Ride on Cars for Kids with LED Light</p>,https://cdn.shopify.com/s/files/1/0828/1908/8689/products/516DcQuLmZL.jpg?v=1694511726
,Blue,,,499,3999,,https://cdn.shopify.com/s/files/1/0828/1908/8689/products/61n4_blTjrL.jpg?v=1694511726
,Green,,,499,3999,,https://cdn.shopify.com/s/files/1/0828/1908/8689/products/61Ijj7gl70L.jpg?v=1694511726
,,,,,,,https://cdn.shopify.com/s/files/1/0828/1908/8689/products/71thmWwX_7L.jpg?v=1694511726
,,,,,,,https://cdn.shopify.com/s/files/1/0828/1908/8689/products/71CoA93nWYL.jpg?v=1694511726
,,,,,,,https://cdn.shopify.com/s/files/1/0828/1908/8689/products/61G8igfsD5L.jpg?v=1694511726
,,,,,,,https://cdn.shopify.com/s/files/1/0828/1908/8689/products/61J8zR5hrpL.jpg?v=1694511726
,,,,,,,https://cdn.shopify.com/s/files/1/0828/1908/8689/products/61xr30X2QML.jpg?v=1694511726
,,,,,,,https://cdn.shopify.com/s/files/1/0828/1908/8689/products/61hS8YQfG1L.jpg?v=1694511726
,,,,,,,https://cdn.shopify.com/s/files/1/0828/1908/8689/products/61dRsO6XucL.jpg?v=1694511726
,,,,,,,https://cdn.shopify.com/s/files/1/0828/1908/8689/products/61FRaK4NcOL.jpg?v=1694511726
,,,,,,,https://cdn.shopify.com/s/files/1/0828/1908/8689/products/71vOO8QpN3L.jpg?v=1694511726
,,,,,,,https://cdn.shopify.com/s/files/1/0828/1908/8689/products/71cm8y33Q1L.jpg?v=1694511726
,,,,,,,https://cdn.shopify.com/s/files/1/0828/1908/8689/products/61uZItHiaHL.jpg?v=1694511726
,,,,,,,https://cdn.shopify.com/s/files/1/0828/1908/8689/products/61YzRIGoF5L.jpg?v=1694511726
,,,,,,,https://cdn.shopify.com/s/files/1/0828/1908/8689/products/61t3U1uOYCL.jpg?v=1694511726
,,,,,,,https://cdn.shopify.com/s/files/1/0828/1908/8689/products/61ebem4eKFL.jpg?v=1694511726
,,,,,,,https://cdn.shopify.com/s/files/1/0828/1908/8689/products/6186e_QhpnL.jpg?v=1694511726
,,,,,,,https://cdn.shopify.com/s/files/1/0828/1908/8689/products/61-l5rkeurL.jpg?v=1694511726
,,,,,,,https://cdn.shopify.com/s/files/1/0828/1908/8689/products/71tHQ_DjCoL.jpg?v=1694511726
,,,,,,,https://cdn.shopify.com/s/files/1/0828/1908/8689/products/71M7A0rIAqL.jpg?v=1694511726
,,,,,,,https://cdn.shopify.com/s/files/1/0828/1908/8689/products/614cLK2rkCL.jpg?v=1694511726
,,,,,,,https://cdn.shopify.com/s/files/1/0828/1908/8689/products/61NeNy7MDUL.jpg?v=1694511726
,,,,,,,https://cdn.shopify.com/s/files/1/0828/1908/8689/products/61WLfrHSu2L.jpg?v=1694511726
"Baybee Official Licensed Audi RS e-tron GT Battery Operated Car for Kids with Bluetooth, USB, Music & Light",Red,,,399,29999,"<p>Baybee Official Licensed Audi RS e-tron GT Battery Operated Car for Kids with Bluetooth, USB, Music &amp; Light</p>",https://cdn.shopify.com/s/files/1/0828/1908/8689/products/71CRa6wrzSL.jpg?v=1694511688
,White,,,399,29999,,https://cdn.shopify.com/s/files/1/0828/1908/8689/products/71ghbm_3iqL.jpg?v=1694511688
,Black,,,399,29999,,https://cdn.shopify.com/s/files/1/0828/1908/8689/products/81QlJ4Y7rmL.jpg?v=1694511688
,Blue,,,399,29999,,https://cdn.shopify.com/s/files/1/0828/1908/8689/products/91jM_hDj4FL.jpg?v=1694511688
,,,,,,,https://cdn.shopify.com/s/files/1/0828/1908/8689/products/81_6beQtmSL.jpg?v=1694511688
,,,,,,,https://cdn.shopify.com/s/files/1/0828/1908/8689/products/811AggNg5bL.jpg?v=1694511688
,,,,,,,https://cdn.shopify.com/s/files/1/0828/1908/8689/products/81JrZe3f4YL.jpg?v=1694511688
,,,,,,,https://cdn.shopify.com/s/files/1/0828/1908/8689/products/81LnwW7UKBL.jpg?v=1694511688
,,,,,,,https://cdn.shopify.com/s/files/1/0828/1908/8689/products/714aNohmnQL.jpg?v=1694511688
,,,,,,,https://cdn.shopify.com/s/files/1/0828/1908/8689/products/71lkCcJUCmL.jpg?v=1694511689
,,,,,,,https://cdn.shopify.com/s/files/1/0828/1908/8689/products/81iSg72eSEL.jpg?v=1694511689
,,,,,,,https://cdn.shopify.com/s/files/1/0828/1908/8689/products/81ROaOnhDWL.jpg?v=1694511689
,,,,,,,https://cdn.shopify.com/s/files/1/0828/1908/8689/products/81JQtb4xg-L.jpg?v=1694511689
,,,,,,,https://cdn.shopify.com/s/files/1/0828/1908/8689/products/81rm1x2VosL.jpg?v=1694511689
,,,,,,,https://cdn.shopify.com/s/files/1/0828/1908/8689/products/81l5wquEZdL.jpg?v=1694511689
,,,,,,,https://cdn.shopify.com/s/files/1/0828/1908/8689/products/81bTCKI21cL.jpg?v=1694511689
,,,,,,,https://cdn.shopify.com/s/files/1/0828/1908/8689/products/71bShaUuhiL.jpg?v=1694511689
,,,,,,,https://cdn.shopify.com/s/files/1/0828/1908/8689/products/71QV265Iu9L.jpg?v=1694511689
,,,,,,,https://cdn.shopify.com/s/files/1/0828/1908/8689/products/81PBr1nxPWL.jpg?v=1694511689
,,,,,,,https://cdn.shopify.com/s/files/1/0828/1908/8689/products/81T4GcMRw1L.jpg?v=1694511689
,,,,,,,https://cdn.shopify.com/s/files/1/0828/1908/8689/products/81A_ugM5SsL.jpg?v=1694511689
,,,,,,,https://cdn.shopify.com/s/files/1/0828/1908/8689/products/81B0WU8a8aL.jpg?v=1694511689
,,,,,,,https://cdn.shopify.com/s/files/1/0828/1908/8689/products/81hb7Eehb5L.jpg?v=1694511689
,,,,,,,https://cdn.shopify.com/s/files/1/0828/1908/8689/products/81WhHVunrIL.jpg?v=1694511689
,,,,,,,https://cdn.shopify.com/s/files/1/0828/1908/8689/products/71b8ObGJlJL.jpg?v=1694511689
,,,,,,,https://cdn.shopify.com/s/files/1/0828/1908/8689/products/71NWJ4-HCtL.jpg?v=1694511689
,,,,,,,https://cdn.shopify.com/s/files/1/0828/1908/8689/products/81LYS1cZBCL.jpg?v=1694511689
,,,,,,,https://cdn.shopify.com/s/files/1/0828/1908/8689/products/91XWujS9AWL.jpg?v=1694511689
,,,,,,,https://cdn.shopify.com/s/files/1/0828/1908/8689/products/81e-3qN2evL.jpg?v=1694511689
,,,,,,,https://cdn.shopify.com/s/files/1/0828/1908/8689/products/81NXTV6gaRL.jpg?v=1694511689
,,,,,,,https://cdn.shopify.com/s/files/1/0828/1908/8689/products/81TcDyy3E8L.jpg?v=1694511689
,,,,,,,https://cdn.shopify.com/s/files/1/0828/1908/8689/products/81RuNUuwk9L.jpg?v=1694511689
Baybee Kids Mini Doggie Pedal Go Kart Racing Ride-On Toy Car for Baby with Curved Seat,Red,,,549,4999,<p>Baybee Kids Mini Doggie Pedal Go Kart Racing Ride-On Toy Car for Baby with Curved Seat</p>,https://cdn.shopify.com/s/files/1/0828/1908/8689/products/71Bei9NlPfL.jpg?v=1694511547
,White,,,549,4999,,https://cdn.shopify.com/s/files/1/0828/1908/8689/products/71rSHpjc94L.jpg?v=1694511547
,Blue,,,549,4999,,https://cdn.shopify.com/s/files/1/0828/1908/8689/products/71_E7_boekL.jpg?v=1694511547
,,,,,,,https://cdn.shopify.com/s/files/1/0828/1908/8689/products/71dPdAXnsyL.jpg?v=1694511547
,,,,,,,https://cdn.shopify.com/s/files/1/0828/1908/8689/products/71BQtYPlzaL.jpg?v=1694511547
,,,,,,,https://cdn.shopify.com/s/files/1/0828/1908/8689/products/71k6I5PkK_L.jpg?v=1694511547
,,,,,,,https://cdn.shopify.com/s/files/1/0828/1908/8689/products/61VDModfyzL.jpg?v=1694511547
,,,,,,,https://cdn.shopify.com/s/files/1/0828/1908/8689/products/71EuJ90-7jL.jpg?v=1694511547
,,,,,,,https://cdn.shopify.com/s/files/1/0828/1908/8689/products/61uhIXSeofL.jpg?v=1694511547
,,,,,,,https://cdn.shopify.com/s/files/1/0828/1908/8689/products/61_CGUbkRiL.jpg?v=1694511547
,,,,,,,https://cdn.shopify.com/s/files/1/0828/1908/8689/products/61KfQU9sPsL.jpg?v=1694511547
,,,,,,,https://cdn.shopify.com/s/files/1/0828/1908/8689/products/61S8NryWHmL.jpg?v=1694511547
,,,,,,,https://cdn.shopify.com/s/files/1/0828/1908/8689/products/611tkjIqw5L.jpg?v=1694511547
,,,,,,,https://cdn.shopify.com/s/files/1/0828/1908/8689/products/61Y2aS7E_RL.jpg?v=1694511547
,,,,,,,https://cdn.shopify.com/s/files/1/0828/1908/8689/products/61WvX4T_7JL.jpg?v=1694511547
,,,,,,,https://cdn.shopify.com/s/files/1/0828/1908/8689/products/71XQcpfNTiL.jpg?v=1694511547
,,,,,,,https://cdn.shopify.com/s/files/1/0828/1908/8689/products/61R98x4nkGL.jpg?v=1694511547
,,,,,,,https://cdn.shopify.com/s/files/1/0828/1908/8689/products/61a6R3OdAfL.jpg?v=1694511547
,,,,,,,https://cdn.shopify.com/s/files/1/0828/1908/8689/products/71qSkPd8iTL.jpg?v=1694511547
,,,,,,,https://cdn.shopify.com/s/files/1/0828/1908/8689/products/71hJyqQ9tCL.jpg?v=1694511547
,,,,,,,https://cdn.shopify.com/s/files/1/0828/1908/8689/products/61b5rdUTPZL.jpg?v=1694511547
,,,,,,,https://cdn.shopify.com/s/files/1/0828/1908/8689/products/713ikz8y0tL.jpg?v=1694511547
Baybee Twister Magic Swing Cars Ride ons for Kids with PP Wheels,Green,,,399,5999,<p>Baybee Twister Magic Swing Cars Ride ons for Kids with PP Wheels</p>,https://cdn.shopify.com/s/files/1/0828/1908/8689/products/61PEvd7O1DL.jpg?v=1694511513
,Pink,,,399,5999,,https://cdn.shopify.com/s/files/1/0828/1908/8689/products/61PQQmrHmfL.jpg?v=1694511513
,Red,,,399,5999,,https://cdn.shopify.com/s/files/1/0828/1908/8689/products/71sEuk1ZoCL.jpg?v=1694511513
,Blue,,,399,5999,,https://cdn.shopify.com/s/files/1/0828/1908/8689/products/71k9gYKoVKL.jpg?v=1694511513
,Dark Blue,,,399,5999,,https://cdn.shopify.com/s/files/1/0828/1908/8689/products/71MlrgcjY9L.jpg?v=1694511513
,,,,,,,https://cdn.shopify.com/s/files/1/0828/1908/8689/products/71fEN7hXziL.jpg?v=1694511513
,,,,,,,https://cdn.shopify.com/s/files/1/0828/1908/8689/products/71QV9sKy9oL.jpg?v=1694511513
,,,,,,,https://cdn.shopify.com/s/files/1/0828/1908/8689/products/71GPOK9OwjL.jpg?v=1694511513
,,,,,,,https://cdn.shopify.com/s/files/1/0828/1908/8689/products/714loAhyWTL.jpg?v=1694511513
,,,,,,,https://cdn.shopify.com/s/files/1/0828/1908/8689/products/418wc_WvVML.jpg?v=1694511513
,,,,,,,https://cdn.shopify.com/s/files/1/0828/1908/8689/products/41_8nbEw7eL.jpg?v=1694511513
,,,,,,,https://cdn.shopify.com/s/files/1/0828/1908/8689/products/51za4qovv8L.jpg?v=1694511513
,,,,,,,https://cdn.shopify.com/s/files/1/0828/1908/8689/products/41uDcjz1tmL.jpg?v=1694511513
,,,,,,,https://cdn.shopify.com/s/files/1/0828/1908/8689/products/51Tb7dcgvqL.jpg?v=1694511513
,,,,,,,https://cdn.shopify.com/s/files/1/0828/1908/8689/products/41gKMLEN4kL.jpg?v=1694511513
,,,,,,,https://cdn.shopify.com/s/files/1/0828/1908/8689/products/31wgB585dDL.jpg?v=1694511513
,,,,,,,https://cdn.shopify.com/s/files/1/0828/1908/8689/products/4168Guhj17L.jpg?v=1694511513
,,,,,,,https://cdn.shopify.com/s/files/1/0828/1908/8689/products/41PzDg5oAvL.jpg?v=1694511513
,,,,,,,https://cdn.shopify.com/s/files/1/0828/1908/8689/products/41mYJjg0WxL.jpg?v=1694511513
,,,,,,,https://cdn.shopify.com/s/files/1/0828/1908/8689/products/41aublK6F8L.jpg?v=1694511513
,,,,,,,https://cdn.shopify.com/s/files/1/0828/1908/8689/products/41Z_D6bhSAL.jpg?v=1694511513
,,,,,,,https://cdn.shopify.com/s/files/1/0828/1908/8689/products/41v19_JjfUL.jpg?v=1694511513
,,,,,,,https://cdn.shopify.com/s/files/1/0828/1908/8689/products/41G78RD7PJL.jpg?v=1694511513
,,,,,,,https://cdn.shopify.com/s/files/1/0828/1908/8689/products/41W4UCXmNdL.jpg?v=1694511513
,,,,,,,https://cdn.shopify.com/s/files/1/0828/1908/8689/products/51MKEExoXhL.jpg?v=1694511513
,,,,,,,https://cdn.shopify.com/s/files/1/0828/1908/8689/products/41m4ffHGp8L.jpg?v=1694511513
,,,,,,,https://cdn.shopify.com/s/files/1/0828/1908/8689/products/51xxGPG09IL.jpg?v=1694511513
,,,,,,,https://cdn.shopify.com/s/files/1/0828/1908/8689/products/41PNq-CZwpL.jpg?v=1694511513
,,,,,,,https://cdn.shopify.com/s/files/1/0828/1908/8689/products/61vt5ShbY7L.jpg?v=1694511513
,,,,,,,https://cdn.shopify.com/s/files/1/0828/1908/8689/products/71kzkYduhXL.jpg?v=1694511513
,,,,,,,https://cdn.shopify.com/s/files/1/0828/1908/8689/products/71JtS2TX1UL.jpg?v=1694511513
,,,,,,,https://cdn.shopify.com/s/files/1/0828/1908/8689/products/71K5SZCiD_L.jpg?v=1694511513
,,,,,,,https://cdn.shopify.com/s/files/1/0828/1908/8689/products/71rg_ELuMML.jpg?v=1694511513
,,,,,,,https://cdn.shopify.com/s/files/1/0828/1908/8689/products/71NQy6EdGlL.jpg?v=1694511513
,,,,,,,https://cdn.shopify.com/s/files/1/0828/1908/8689/products/71QPejj6lML.jpg?v=1694511513
,,,,,,,https://cdn.shopify.com/s/files/1/0828/1908/8689/products/711AD9s6d5L.jpg?v=1694511513
Baybee Maximus Push Ride on Magic Swing Cars for Kids with LED Light,Blue,,,499,4499,<p>Baybee Maximus Push Ride on Magic Swing Cars for Kids with LED Light</p>,https://cdn.shopify.com/s/files/1/0828/1908/8689/products/61J_KxAH0TL.jpg?v=1694511418
,Red,,,499,4499,,https://cdn.shopify.com/s/files/1/0828/1908/8689/products/61PLFteh7LL.jpg?v=1694511418
,,,,,,,https://cdn.shopify.com/s/files/1/0828/1908/8689/products/715D33n9w3L.jpg?v=1694511418
,,,,,,,https://cdn.shopify.com/s/files/1/0828/1908/8689/products/61wki4oUoZL.jpg?v=1694511418
,,,,,,,https://cdn.shopify.com/s/files/1/0828/1908/8689/products/71SEcOZAjWL.jpg?v=1694511418
,,,,,,,https://cdn.shopify.com/s/files/1/0828/1908/8689/products/71doVYendRL.jpg?v=1694511418
,,,,,,,https://cdn.shopify.com/s/files/1/0828/1908/8689/products/71UsREiux1L.jpg?v=1694511418
,,,,,,,https://cdn.shopify.com/s/files/1/0828/1908/8689/products/71uKPi2Dt0L.jpg?v=1694511418
,,,,,,,https://cdn.shopify.com/s/files/1/0828/1908/8689/products/61B3ZRIpNKL.jpg?v=1694511418
,,,,,,,https://cdn.shopify.com/s/files/1/0828/1908/8689/products/61VZIKazKJL.jpg?v=1694511418
,,,,,,,https://cdn.shopify.com/s/files/1/0828/1908/8689/products/61R9tS_4HEL.jpg?v=1694511418
,,,,,,,https://cdn.shopify.com/s/files/1/0828/1908/8689/products/71n4tdUD8sL.jpg?v=1694511418
,,,,,,,https://cdn.shopify.com/s/files/1/0828/1908/8689/products/61QLdzjzWHL.jpg?v=1694511418
,,,,,,,https://cdn.shopify.com/s/files/1/0828/1908/8689/products/71CAX0f5b0L.jpg?v=1694511418
"Baybee Dracarys Baby Tricycle for Kids with Eva Wheels, Storage Basket, Bell & Water Bottle",Pink,,,499,5999,"<p>Baybee Dracarys Baby Tricycle for Kids with Eva Wheels, Storage Basket, Bell &amp; Water Bottle</p>",https://cdn.shopify.com/s/files/1/0828/1908/8689/products/61ALhdWSPDL.jpg?v=1694511346
,Blue,,,499,5999,,https://cdn.shopify.com/s/files/1/0828/1908/8689/products/71uZE757ClL.jpg?v=1694511346
,,,,,,,https://cdn.shopify.com/s/files/1/0828/1908/8689/products/61XgSm8Ca4L.jpg?v=1694511346
,,,,,,,https://cdn.shopify.com/s/files/1/0828/1908/8689/products/61f5rxCaOtL.jpg?v=1694511346
,,,,,,,https://cdn.shopify.com/s/files/1/0828/1908/8689/products/61E3imuJV6L.jpg?v=1694511346
,,,,,,,https://cdn.shopify.com/s/files/1/0828/1908/8689/products/71QPXbZX-EL.jpg?v=1694511346
,,,,,,,https://cdn.shopify.com/s/files/1/0828/1908/8689/products/61TWZZh3ypL.jpg?v=1694511346
,,,,,,,https://cdn.shopify.com/s/files/1/0828/1908/8689/products/61KG_qbLcEL.jpg?v=1694511346
,,,,,,,https://cdn.shopify.com/s/files/1/0828/1908/8689/products/71vlBpKT1sL.jpg?v=1694511346
,,,,,,,https://cdn.shopify.com/s/files/1/0828/1908/8689/products/61-xF5b6MyL.jpg?v=1694511346
,,,,,,,https://cdn.shopify.com/s/files/1/0828/1908/8689/products/61B_P0PlUvL.jpg?v=1694511346
,,,,,,,https://cdn.shopify.com/s/files/1/0828/1908/8689/products/61QwnHNsDeL.jpg?v=1694511346
,,,,,,,https://cdn.shopify.com/s/files/1/0828/1908/8689/products/71qiQFwQI0L.jpg?v=1694511346
,,,,,,,https://cdn.shopify.com/s/files/1/0828/1908/8689/products/61kQHu3o6WL.jpg?v=1694511346
Baybee Landro X3 Battery Operated Electric Kids Car Ride on Baby Car with Music USB & Led Light,Orange,,,549,24999,<p>Baybee Landro X3 Battery Operated Electric Kids Car Ride on Baby Car with Music USB &amp; Led Light</p>,https://cdn.shopify.com/s/files/1/0828/1908/8689/products/710SckLB6pL.jpg?v=1694511242
,Red,,,549,24999,,https://cdn.shopify.com/s/files/1/0828/1908/8689/products/71xeCxVZ-LL.jpg?v=1694511242
,Green,,,549,24999,,https://cdn.shopify.com/s/files/1/0828/1908/8689/products/71I8fydty6L.jpg?v=1694511242
,,,,,,,https://cdn.shopify.com/s/files/1/0828/1908/8689/products/71H6ucFunaL.jpg?v=1694511242
,,,,,,,https://cdn.shopify.com/s/files/1/0828/1908/8689/products/71yECF-tyGL.jpg?v=1694511242
,,,,,,,https://cdn.shopify.com/s/files/1/0828/1908/8689/products/7108J52pVAL.jpg?v=1694511242
,,,,,,,https://cdn.shopify.com/s/files/1/0828/1908/8689/products/7193cgCANkL.jpg?v=1694511242
,,,,,,,https://cdn.shopify.com/s/files/1/0828/1908/8689/products/71pYWvuIYML.jpg?v=1694511242
,,,,,,,https://cdn.shopify.com/s/files/1/0828/1908/8689/products/7111bgCuW0L.jpg?v=1694511242
,,,,,,,https://cdn.shopify.com/s/files/1/0828/1908/8689/products/71WqwV4W5SL.jpg?v=1694511242
,,,,,,,https://cdn.shopify.com/s/files/1/0828/1908/8689/products/713kLeqqIfL.jpg?v=1694511242
,,,,,,,https://cdn.shopify.com/s/files/1/0828/1908/8689/products/71H9u4P0oiL.jpg?v=1694511242
,,,,,,,https://cdn.shopify.com/s/files/1/0828/1908/8689/products/71TP5IxArUL.jpg?v=1694511242
,,,,,,,https://cdn.shopify.com/s/files/1/0828/1908/8689/products/71LSbiLkKBL.jpg?v=1694511242
,,,,,,,https://cdn.shopify.com/s/files/1/0828/1908/8689/products/71gJpSPWroL.jpg?v=1694511242
,,,,,,,https://cdn.shopify.com/s/files/1/0828/1908/8689/products/71bCu3-j6YL.jpg?v=1694511242
,,,,,,,https://cdn.shopify.com/s/files/1/0828/1908/8689/products/71TjknDvfKL.jpg?v=1694511242
,,,,,,,https://cdn.shopify.com/s/files/1/0828/1908/8689/products/71cvl8Kn_SL.jpg?v=1694511242
,,,,,,,https://cdn.shopify.com/s/files/1/0828/1908/8689/products/71EN2l-bxfL.jpg?v=1694511242
,,,,,,,https://cdn.shopify.com/s/files/1/0828/1908/8689/products/711ASF6E7sL.jpg?v=1694511242
,,,,,,,https://cdn.shopify.com/s/files/1/0828/1908/8689/products/710XriBsoKL.jpg?v=1694511242
,,,,,,,https://cdn.shopify.com/s/files/1/0828/1908/8689/products/71CTi2XVZUL.jpg?v=1694511242
,,,,,,,https://cdn.shopify.com/s/files/1/0828/1908/8689/products/71u2UucUyLL.jpg?v=1694511242
,,,,,,,https://cdn.shopify.com/s/files/1/0828/1908/8689/products/71QjrYKC_NL.jpg?v=1694511242
Baybee Kids Battery Operated Jeep for Kids Ride on Toy Kids Car with RGB Light & Music,Yellow,,,549,22999,<p>Baybee Kids Battery Operated Jeep for Kids Ride on Toy Kids Car with RGB Light &amp; Music</p>,https://cdn.shopify.com/s/files/1/0828/1908/8689/products/71LjBDvrKbL.jpg?v=1694511013
,Blue,,,549,22999,,https://cdn.shopify.com/s/files/1/0828/1908/8689/products/81DoPFB4OaL.jpg?v=1694511013
,Red,,,549,22999,,https://cdn.shopify.com/s/files/1/0828/1908/8689/products/71HGSSgmKzL.jpg?v=1694511013
,,,,,,,https://cdn.shopify.com/s/files/1/0828/1908/8689/products/7167EgEWP1L.jpg?v=1694511013
,,,,,,,https://cdn.shopify.com/s/files/1/0828/1908/8689/products/71w-uwaYvbL.jpg?v=1694511013
,,,,,,,https://cdn.shopify.com/s/files/1/0828/1908/8689/products/71QGD6M-N8L.jpg?v=1694511013
,,,,,,,https://cdn.shopify.com/s/files/1/0828/1908/8689/products/7134P8V991L.jpg?v=1694511013
,,,,,,,https://cdn.shopify.com/s/files/1/0828/1908/8689/products/71nU6fTW48L.jpg?v=1694511013
,,,,,,,https://cdn.shopify.com/s/files/1/0828/1908/8689/products/71VcsgX589L.jpg?v=1694511013
,,,,,,,https://cdn.shopify.com/s/files/1/0828/1908/8689/products/81KdMMAqE4L.jpg?v=1694511013
,,,,,,,https://cdn.shopify.com/s/files/1/0828/1908/8689/products/71U0xc9al9L.jpg?v=1694511013
,,,,,,,https://cdn.shopify.com/s/files/1/0828/1908/8689/products/7155YxxK--L.jpg?v=1694511013
,,,,,,,https://cdn.shopify.com/s/files/1/0828/1908/8689/products/71aEn6AYwQL.jpg?v=1694511013
,,,,,,,https://cdn.shopify.com/s/files/1/0828/1908/8689/products/71vBWNG2kkL.jpg?v=1694511013
,,,,,,,https://cdn.shopify.com/s/files/1/0828/1908/8689/products/71o9aw4jimL.jpg?v=1694511013
,,,,,,,https://cdn.shopify.com/s/files/1/0828/1908/8689/products/81zLdXCANOL.jpg?v=1694511013
,,,,,,,https://cdn.shopify.com/s/files/1/0828/1908/8689/products/71PJJ2JoqAL.jpg?v=1694511013
,,,,,,,https://cdn.shopify.com/s/files/1/0828/1908/8689/products/71GJnCOkJ7L.jpg?v=1694511013
,,,,,,,https://cdn.shopify.com/s/files/1/0828/1908/8689/products/71LvLxyj-VL.jpg?v=1694511013
,,,,,,,https://cdn.shopify.com/s/files/1/0828/1908/8689/products/71nfjqJQkzL.jpg?v=1694511013
,,,,,,,https://cdn.shopify.com/s/files/1/0828/1908/8689/products/719wnfieDNL.jpg?v=1694511013
Baybee Electric Battery Operated Car for Kids Ride on Toy with Music & Light,LBlue,,,599,16999,<p>Baybee Electric Battery Operated Car for Kids Ride on Toy with Music &amp; Light</p>,https://cdn.shopify.com/s/files/1/0828/1908/8689/products/61Tmjw1l2CL.jpg?v=1694510940
,Yellow,,,599,16999,,https://cdn.shopify.com/s/files/1/0828/1908/8689/products/61P5klgfpOL.jpg?v=1694510940
,Pink,,,599,16999,,https://cdn.shopify.com/s/files/1/0828/1908/8689/products/71FCC_DON9L.jpg?v=1694510940
,Blue,,,599,16999,,https://cdn.shopify.com/s/files/1/0828/1908/8689/products/6182vHUsfbL.jpg?v=1694510940
,White,,,599,16999,,https://cdn.shopify.com/s/files/1/0828/1908/8689/products/718PqkHEdJL.jpg?v=1694510940
,Red,,,599,16999,,https://cdn.shopify.com/s/files/1/0828/1908/8689/products/71L7KYKVgbL.jpg?v=1694510940
,,,,,,,https://cdn.shopify.com/s/files/1/0828/1908/8689/products/61L05lFcOtL.jpg?v=1694510940
,,,,,,,https://cdn.shopify.com/s/files/1/0828/1908/8689/products/61ZAN00hh_L.jpg?v=1694510940
,,,,,,,https://cdn.shopify.com/s/files/1/0828/1908/8689/products/61vXuzwLayL.jpg?v=1694510940
,,,,,,,https://cdn.shopify.com/s/files/1/0828/1908/8689/products/61ZMVMRkgqL.jpg?v=1694510940
,,,,,,,https://cdn.shopify.com/s/files/1/0828/1908/8689/products/71JRge80XKL.jpg?v=1694510940
,,,,,,,https://cdn.shopify.com/s/files/1/0828/1908/8689/products/71N1od64_1L.jpg?v=1694510940
,,,,,,,https://cdn.shopify.com/s/files/1/0828/1908/8689/products/714QDuFGggL.jpg?v=1694510940
,,,,,,,https://cdn.shopify.com/s/files/1/0828/1908/8689/products/71eUhBH1wYL.jpg?v=1694510940
,,,,,,,https://cdn.shopify.com/s/files/1/0828/1908/8689/products/71TMOLk1bUL.jpg?v=1694510941
,,,,,,,https://cdn.shopify.com/s/files/1/0828/1908/8689/products/61tRd6lw3uL.jpg?v=1694510941
,,,,,,,https://cdn.shopify.com/s/files/1/0828/1908/8689/products/61HtGNUiOLL.jpg?v=1694510941
,,,,,,,https://cdn.shopify.com/s/files/1/0828/1908/8689/products/614gYaIWflL.jpg?v=1694510941
,,,,,,,https://cdn.shopify.com/s/files/1/0828/1908/8689/products/61_2kqfdTiL.jpg?v=1694510941
,,,,,,,https://cdn.shopify.com/s/files/1/0828/1908/8689/products/717LOeSzT1L.jpg?v=1694510941
,,,,,,,https://cdn.shopify.com/s/files/1/0828/1908/8689/products/71rSKsNAVZL.jpg?v=1694510941
,,,,,,,https://cdn.shopify.com/s/files/1/0828/1908/8689/products/710FgOFwbOL.jpg?v=1694510941
,,,,,,,https://cdn.shopify.com/s/files/1/0828/1908/8689/products/712S5n1aLfL.jpg?v=1694510941
,,,,,,,https://cdn.shopify.com/s/files/1/0828/1908/8689/products/61A5V7q2VQL.jpg?v=1694510941
,,,,,,,https://cdn.shopify.com/s/files/1/0828/1908/8689/products/619V-7tnqLL.jpg?v=1694510941
,,,,,,,https://cdn.shopify.com/s/files/1/0828/1908/8689/products/61Xrj8SYfkL.jpg?v=1694510941
,,,,,,,https://cdn.shopify.com/s/files/1/0828/1908/8689/products/61eu4nw7TXL.jpg?v=1694510941
,,,,,,,https://cdn.shopify.com/s/files/1/0828/1908/8689/products/71fiCpJJnKL.jpg?v=1694510941
,,,,,,,https://cdn.shopify.com/s/files/1/0828/1908/8689/products/71s1Hc84bXL.jpg?v=1694510941
,,,,,,,https://cdn.shopify.com/s/files/1/0828/1908/8689/products/7143_om1hhL.jpg?v=1694510941
,,,,,,,https://cdn.shopify.com/s/files/1/0828/1908/8689/products/61mUnrWyeOL.jpg?v=1694510941
,,,,,,,https://cdn.shopify.com/s/files/1/0828/1908/8689/products/61V0D_R-h0L.jpg?v=1694510941
,,,,,,,https://cdn.shopify.com/s/files/1/0828/1908/8689/products/619Lo1rT9fL.jpg?v=1694510941
,,,,,,,https://cdn.shopify.com/s/files/1/0828/1908/8689/products/61VpGDjhYdL.jpg?v=1694510941
,,,,,,,https://cdn.shopify.com/s/files/1/0828/1908/8689/products/61xnYXp8x9L.jpg?v=1694510941
,,,,,,,https://cdn.shopify.com/s/files/1/0828/1908/8689/products/61Zor0SPK9L.jpg?v=1694510941
,,,,,,,https://cdn.shopify.com/s/files/1/0828/1908/8689/products/714LRc-9qLL.jpg?v=1694510941
,,,,,,,https://cdn.shopify.com/s/files/1/0828/1908/8689/products/71dra59WVfL.jpg?v=1694510941
,,,,,,,https://cdn.shopify.com/s/files/1/0828/1908/8689/products/61elWKqfFJL.jpg?v=1694510941
,,,,,,,https://cdn.shopify.com/s/files/1/0828/1908/8689/products/61ng4TgpHYL.jpg?v=1694510941
,,,,,,,https://cdn.shopify.com/s/files/1/0828/1908/8689/products/61SzVPDokgL.jpg?v=1694510941
,,,,,,,https://cdn.shopify.com/s/files/1/0828/1908/8689/products/61eMGbVVH6L.jpg?v=1694510941
,,,,,,,https://cdn.shopify.com/s/files/1/0828/1908/8689/products/618s5DeL34L.jpg?v=1694510941
,,,,,,,https://cdn.shopify.com/s/files/1/0828/1908/8689/products/71JGEcnNjfL.jpg?v=1694510941
,,,,,,,https://cdn.shopify.com/s/files/1/0828/1908/8689/products/71PkCWiJW6L.jpg?v=1694510941
,,,,,,,https://cdn.shopify.com/s/files/1/0828/1908/8689/products/71_Dmdh6E7L.jpg?v=1694510941
,,,,,,,https://cdn.shopify.com/s/files/1/0828/1908/8689/products/71bp3SpYpSL.jpg?v=1694510941
,,,,,,,https://cdn.shopify.com/s/files/1/0828/1908/8689/products/61nN2meTx0L.jpg?v=1694510941
Baybee StreetBlazer Ride On Car with Music Toy Children Rider & Small Toy Infant Baby Toys,Red,,,399,2299,<p>Baybee StreetBlazer Ride On Car with Music Toy Children Rider &amp; Small Toy Infant Baby Toys</p>,https://cdn.shopify.com/s/files/1/0828/1908/8689/products/61TXOteH-PL.jpg?v=1694510819
,White,,,399,2299,,https://cdn.shopify.com/s/files/1/0828/1908/8689/products/41fJ1e_YT9L.jpg?v=1694510819
,,,,,,,https://cdn.shopify.com/s/files/1/0828/1908/8689/products/41ORZl7VPKL.jpg?v=1694510819
,,,,,,,https://cdn.shopify.com/s/files/1/0828/1908/8689/products/41hJSkItWlL.jpg?v=1694510819
,,,,,,,https://cdn.shopify.com/s/files/1/0828/1908/8689/products/41fJ1e_YT9L_1d20dfa2-5d12-4f9f-9906-286d514e8f98.jpg?v=1694510819
Baybee Villy Push Ride on Car for Kids Ride on Push Cars with Music Light & High Backrest,Blue,,,399,4999,<p>Baybee Villy Push Ride on Car for Kids Ride on Push Cars with Music Light &amp; High Backrest</p>,https://cdn.shopify.com/s/files/1/0828/1908/8689/products/61v1YnGJbeL.jpg?v=1694510758
,Yellow,,,399,4999,,https://cdn.shopify.com/s/files/1/0828/1908/8689/products/71v2yRHBDBL.jpg?v=1694510758
,Pink,,,399,4999,,https://cdn.shopify.com/s/files/1/0828/1908/8689/products/610Sk1LrABL.jpg?v=1694510758
,Red,,,399,4999,,https://cdn.shopify.com/s/files/1/0828/1908/8689/products/71lGDV6QryL.jpg?v=1694510758
,White,,,399,4999,,https://cdn.shopify.com/s/files/1/0828/1908/8689/products/714elzl7UmL.jpg?v=1694510758
,,,,,,,https://cdn.shopify.com/s/files/1/0828/1908/8689/products/711qwPPGDkL.jpg?v=1694510758
,,,,,,,https://cdn.shopify.com/s/files/1/0828/1908/8689/products/71TKZzcH5gL.jpg?v=1694510758
,,,,,,,https://cdn.shopify.com/s/files/1/0828/1908/8689/products/613_if2Fc1L.jpg?v=1694510758
,,,,,,,https://cdn.shopify.com/s/files/1/0828/1908/8689/products/71xFWR6aBWL.jpg?v=1694510759
,,,,,,,https://cdn.shopify.com/s/files/1/0828/1908/8689/products/61smg2uxzzL.jpg?v=1694510759
,,,,,,,https://cdn.shopify.com/s/files/1/0828/1908/8689/products/71Mgi0mu_vL.jpg?v=1694510759
,,,,,,,https://cdn.shopify.com/s/files/1/0828/1908/8689/products/71K_PxN4s_L.jpg?v=1694510759
,,,,,,,https://cdn.shopify.com/s/files/1/0828/1908/8689/products/61YpCcyIWRL.jpg?v=1694510759
,,,,,,,https://cdn.shopify.com/s/files/1/0828/1908/8689/products/71pKTsSNvtL.jpg?v=1694510759
,,,,,,,https://cdn.shopify.com/s/files/1/0828/1908/8689/products/61oXqIZM_hL.jpg?v=1694510759
,,,,,,,https://cdn.shopify.com/s/files/1/0828/1908/8689/products/71RGjx2YoQL.jpg?v=1694510759
,,,,,,,https://cdn.shopify.com/s/files/1/0828/1908/8689/products/61Twn4qAuQL.jpg?v=1694510759
,,,,,,,https://cdn.shopify.com/s/files/1/0828/1908/8689/products/71ZOARiJS9L.jpg?v=1694510759
,,,,,,,https://cdn.shopify.com/s/files/1/0828/1908/8689/products/71R6H7YrxAL.jpg?v=1694510759
,,,,,,,https://cdn.shopify.com/s/files/1/0828/1908/8689/products/711rN8VlVlL.jpg?v=1694510759
,,,,,,,https://cdn.shopify.com/s/files/1/0828/1908/8689/products/71JG3QxS58L.jpg?v=1694510759
,,,,,,,https://cdn.shopify.com/s/files/1/0828/1908/8689/products/61Of_v_JY7L.jpg?v=1694510759
,,,,,,,https://cdn.shopify.com/s/files/1/0828/1908/8689/products/71UKm5lyxeL.jpg?v=1694510759
,,,,,,,https://cdn.shopify.com/s/files/1/0828/1908/8689/products/615x3RGNTwL.jpg?v=1694510759
,,,,,,,https://cdn.shopify.com/s/files/1/0828/1908/8689/products/71moWdX3VyL.jpg?v=1694510759
,,,,,,,https://cdn.shopify.com/s/files/1/0828/1908/8689/products/71od25i1DHL.jpg?v=1694510759
,,,,,,,https://cdn.shopify.com/s/files/1/0828/1908/8689/products/61lXS_Sv6BL.jpg?v=1694510759
,,,,,,,https://cdn.shopify.com/s/files/1/0828/1908/8689/products/71hzT2sRZQL.jpg?v=1694510759
,,,,,,,https://cdn.shopify.com/s/files/1/0828/1908/8689/products/61HfSbil98L.jpg?v=1694510759
,,,,,,,https://cdn.shopify.com/s/files/1/0828/1908/8689/products/71o3hAeOFJL.jpg?v=1694510759
,,,,,,,https://cdn.shopify.com/s/files/1/0828/1908/8689/products/61BTtlcjauL.jpg?v=1694510759
,,,,,,,https://cdn.shopify.com/s/files/1/0828/1908/8689/products/71GihyRa07L.jpg?v=1694510759
,,,,,,,https://cdn.shopify.com/s/files/1/0828/1908/8689/products/61igqkDq5wL.jpg?v=1694510759
,,,,,,,https://cdn.shopify.com/s/files/1/0828/1908/8689/products/61chdnBuf5L.jpg?v=1694510759
,,,,,,,https://cdn.shopify.com/s/files/1/0828/1908/8689/products/61SasEv5oEL.jpg?v=1694510759
Baybee Monkey Baby Ride on Car Suitable for Boys & Girls,Blue,,,399,2499,<p>Baybee Monkey Baby Ride on Car Suitable for Boys &amp; Girls</p>,https://cdn.shopify.com/s/files/1/0828/1908/8689/products/611y_J_BLfL.jpg?v=1694510448
,Pink,,,399,2499,,https://cdn.shopify.com/s/files/1/0828/1908/8689/products/61NEFJGOLJL.jpg?v=1694510448
,Green,,,399,2499,,https://cdn.shopify.com/s/files/1/0828/1908/8689/products/71RPPiCyuqL.jpg?v=1694510448
,,,,,,,https://cdn.shopify.com/s/files/1/0828/1908/8689/products/61jGCzbzU4L.jpg?v=1694510448
,,,,,,,https://cdn.shopify.com/s/files/1/0828/1908/8689/products/71x5uMptosL.jpg?v=1694510448
,,,,,,,https://cdn.shopify.com/s/files/1/0828/1908/8689/products/61geStiLssL.jpg?v=1694510448
,,,,,,,https://cdn.shopify.com/s/files/1/0828/1908/8689/products/61sGPHdJFNL.jpg?v=1694510448
,,,,,,,https://cdn.shopify.com/s/files/1/0828/1908/8689/products/61bdUZmGlGL.jpg?v=1694510448
,,,,,,,https://cdn.shopify.com/s/files/1/0828/1908/8689/products/61NrykjuTqL.jpg?v=1694510448
,,,,,,,https://cdn.shopify.com/s/files/1/0828/1908/8689/products/71TGtxRcv7L.jpg?v=1694510448
,,,,,,,https://cdn.shopify.com/s/files/1/0828/1908/8689/products/61CDuNqZb5L.jpg?v=1694510448
,,,,,,,https://cdn.shopify.com/s/files/1/0828/1908/8689/products/71EyBxKqRTL.jpg?v=1694510448
,,,,,,,https://cdn.shopify.com/s/files/1/0828/1908/8689/products/61wMWUWPc7L.jpg?v=1694510448
,,,,,,,https://cdn.shopify.com/s/files/1/0828/1908/8689/products/61koudCap6L.jpg?v=1694510448
,,,,,,,https://cdn.shopify.com/s/files/1/0828/1908/8689/products/61AffbQ-bmL.jpg?v=1694510448
,,,,,,,https://cdn.shopify.com/s/files/1/0828/1908/8689/products/61-xZy3U4VL.jpg?v=1694510448
,,,,,,,https://cdn.shopify.com/s/files/1/0828/1908/8689/products/61ocxN1SuEL.jpg?v=1694510448
,,,,,,,https://cdn.shopify.com/s/files/1/0828/1908/8689/products/61VafaZjSjL.jpg?v=1694510448
,,,,,,,https://cdn.shopify.com/s/files/1/0828/1908/8689/products/71XLHBL4tFL.jpg?v=1694510448
,,,,,,,https://cdn.shopify.com/s/files/1/0828/1908/8689/products/61XJNCRSynL.jpg?v=1694510448
,,,,,,,https://cdn.shopify.com/s/files/1/0828/1908/8689/products/61O5rQP5Z6L.jpg?v=1694510448
Baybee Noddy Push Ride on Baby Car for Kids with Music & Horn Button,Orange,,,399,2499,<p>Baybee Noddy Push Ride on Baby Car for Kids with Music &amp; Horn Button</p>,https://cdn.shopify.com/s/files/1/0828/1908/8689/products/1or.jpg?v=1694509769
,Green,,,399,2499,,https://cdn.shopify.com/s/files/1/0828/1908/8689/products/7166NqnelbL.jpg?v=1694509769
,Red,,,399,2499,,https://cdn.shopify.com/s/files/1/0828/1908/8689/products/71A1wFErd1L.jpg?v=1694509769
,,,,,,,https://cdn.shopify.com/s/files/1/0828/1908/8689/products/71LvBVVVYuL.jpg?v=1694509769
,,,,,,,https://cdn.shopify.com/s/files/1/0828/1908/8689/products/7122JRbFkgL.jpg?v=1694509769
,,,,,,,https://cdn.shopify.com/s/files/1/0828/1908/8689/products/71ujrXuz6RL.jpg?v=1694509769
,,,,,,,https://cdn.shopify.com/s/files/1/0828/1908/8689/products/71YN-xaRt9L.jpg?v=1694509769
,,,,,,,https://cdn.shopify.com/s/files/1/0828/1908/8689/products/71jhMTIYQzL.jpg?v=1694509769
,,,,,,,https://cdn.shopify.com/s/files/1/0828/1908/8689/products/1gr.jpg?v=1694509769
,,,,,,,https://cdn.shopify.com/s/files/1/0828/1908/8689/products/2gr.jpg?v=1694509769
,,,,,,,https://cdn.shopify.com/s/files/1/0828/1908/8689/products/1_c56d3874-9a92-45bc-b771-207eaef4c074.jpg?v=1694509769
,,,,,,,https://cdn.shopify.com/s/files/1/0828/1908/8689/products/2_1da88f0b-338f-44a0-a8f8-4953f8ddb3dc.jpg?v=1694509769
,,,,,,,https://cdn.shopify.com/s/files/1/0828/1908/8689/products/3_b058c320-4558-403c-8fb3-8f98e98b060f.jpg?v=1694509769
,,,,,,,https://cdn.shopify.com/s/files/1/0828/1908/8689/products/4_427f131f-c6ac-4d65-b8f5-1b4745173250.jpg?v=1694509769
,,,,,,,https://cdn.shopify.com/s/files/1/0828/1908/8689/products/5_f2ca92a1-d67b-4535-9050-8c4fa06ac839.jpg?v=1694509769
,,,,,,,https://cdn.shopify.com/s/files/1/0828/1908/8689/products/6_aa1bc385-6c51-467a-9000-9799308681df.jpg?v=1694509769
,,,,,,,https://cdn.shopify.com/s/files/1/0828/1908/8689/products/1_37b1a269-5090-4406-9c46-28f15acfcb8e.jpg?v=1694509769
,,,,,,,https://cdn.shopify.com/s/files/1/0828/1908/8689/products/2_64ad0b8f-c5a8-44a8-8f62-347ffbf49902.jpg?v=1694509769
,,,,,,,https://cdn.shopify.com/s/files/1/0828/1908/8689/products/3_08432cd9-8573-49ce-ae30-0049cff2074e.jpg?v=1694509769
,,,,,,,https://cdn.shopify.com/s/files/1/0828/1908/8689/products/4_b68ddcdc-ced9-4ed2-b070-860891a42e93.jpg?v=1694509769
,,,,,,,https://cdn.shopify.com/s/files/1/0828/1908/8689/products/5_f7ed264f-c330-47f1-a32e-282094e7bb99.jpg?v=1694509769
,,,,,,,https://cdn.shopify.com/s/files/1/0828/1908/8689/products/6_92f60f00-7abc-463c-aa5c-8e4043691032.jpg?v=1694509769
,,,,,,,https://cdn.shopify.com/s/files/1/0828/1908/8689/products/7_ff8116f9-9658-4dfe-8550-4410aa933fc5.jpg?v=1694509769
,,,,,,,https://cdn.shopify.com/s/files/1/0828/1908/8689/products/8_29c04ea0-59e0-45d0-b6f9-b19bdebdd5e1.jpg?v=1694509769
Baybee Madzo Push Ride on Magic Cars for kids with Led Light & Music,Green,,,399,4999,<p>Baybee Madzo Push Ride on Magic Cars for kids with Led Light &amp; Music</p>,https://cdn.shopify.com/s/files/1/0828/1908/8689/products/1_cf80ba36-79eb-45a6-ba4b-c695b70f73af.jpg?v=1694509654
,Orange,,,399,4999,,https://cdn.shopify.com/s/files/1/0828/1908/8689/products/61p-BJxtsBL.jpg?v=1694509654
,Blue,,,399,4999,,https://cdn.shopify.com/s/files/1/0828/1908/8689/products/61_EUnUuidL.jpg?v=1694509654
,Yellow,,,399,4999,,https://cdn.shopify.com/s/files/1/0828/1908/8689/products/71hJdt82y3L.jpg?v=1694509654
,,,,,,,https://cdn.shopify.com/s/files/1/0828/1908/8689/products/6116nc8yujL.jpg?v=1694509654
,,,,,,,https://cdn.shopify.com/s/files/1/0828/1908/8689/products/61T9YhbIIQL.jpg?v=1694509654
,,,,,,,https://cdn.shopify.com/s/files/1/0828/1908/8689/products/61HmnKWisQL.jpg?v=1694509654
,,,,,,,https://cdn.shopify.com/s/files/1/0828/1908/8689/products/1_39d285e1-20a6-46c4-ae54-30efa8fc3643.jpg?v=1694509654
,,,,,,,https://cdn.shopify.com/s/files/1/0828/1908/8689/products/2_62d18445-dee1-4913-b92d-e921a61938d0.jpg?v=1694509654
,,,,,,,https://cdn.shopify.com/s/files/1/0828/1908/8689/products/3_f575a41f-4c61-43c2-ab34-8f78dabec2b1.jpg?v=1694509654
,,,,,,,https://cdn.shopify.com/s/files/1/0828/1908/8689/products/4_68a445e5-af8f-4b4f-b947-ed5e28763ec4.jpg?v=1694509654
,,,,,,,https://cdn.shopify.com/s/files/1/0828/1908/8689/products/5_6eba8e1b-0a82-4150-81a1-e08c3a94403a.jpg?v=1694509654
,,,,,,,https://cdn.shopify.com/s/files/1/0828/1908/8689/products/6_6adf881b-0aa2-4e49-8bb4-13adb2467c0f.jpg?v=1694509654
,,,,,,,https://cdn.shopify.com/s/files/1/0828/1908/8689/products/7_e5524a92-be53-4920-8124-f234a19872ed.jpg?v=1694509654
,,,,,,,https://cdn.shopify.com/s/files/1/0828/1908/8689/products/1_fa39c8cc-3465-480c-a462-358e4fda13cc.jpg?v=1694509654
,,,,,,,https://cdn.shopify.com/s/files/1/0828/1908/8689/products/1_866bc823-5fa7-4440-b7a5-cec5ce68478d.jpg?v=1694509654
,,,,,,,https://cdn.shopify.com/s/files/1/0828/1908/8689/products/2_90588463-881c-4ebc-921a-9b0364dd2aa4.jpg?v=1694509654
,,,,,,,https://cdn.shopify.com/s/files/1/0828/1908/8689/products/71VOw9z4_WL.jpg?v=1694509654
,,,,,,,https://cdn.shopify.com/s/files/1/0828/1908/8689/products/3_8f6be9e4-990d-430a-aae5-5dd2d8f5ff0e.jpg?v=1694509654
,,,,,,,https://cdn.shopify.com/s/files/1/0828/1908/8689/products/5_fef1ee5d-f786-430a-9093-f0b4b4fb9c13.jpg?v=1694509654
,,,,,,,https://cdn.shopify.com/s/files/1/0828/1908/8689/products/6_76446b8c-d792-47a0-9c46-eb98320a64e9.jpg?v=1694509654
,,,,,,,https://cdn.shopify.com/s/files/1/0828/1908/8689/products/7_b1614e47-667d-4b01-8a39-f6b8f72d60a7.jpg?v=1694509654
,,,,,,,https://cdn.shopify.com/s/files/1/0828/1908/8689/products/2_48a975ed-ec75-4f95-bb94-4e3f1709b9fe.jpg?v=1694509654
,,,,,,,https://cdn.shopify.com/s/files/1/0828/1908/8689/products/3_7045b95e-b30b-4b9d-98fe-3c6746751cbd.jpg?v=1694509655
,,,,,,,https://cdn.shopify.com/s/files/1/0828/1908/8689/products/4_e4b743a4-7b05-4ba9-b03a-3532c1aaea7f.jpg?v=1694509655
,,,,,,,https://cdn.shopify.com/s/files/1/0828/1908/8689/products/5_871b9b11-2874-4c7a-8a12-850865c5bae4.jpg?v=1694509655
,,,,,,,https://cdn.shopify.com/s/files/1/0828/1908/8689/products/6_7aaaea88-5a43-4b4c-86e7-d64fbeb73283.jpg?v=1694509655
,,,,,,,https://cdn.shopify.com/s/files/1/0828/1908/8689/products/7_78b2b336-eb43-4006-b3bb-b0f4d35c5b3a.jpg?v=1694509655
Baybee Misura Ride on Magic Swing Cars for Kids with PU Led Wheels,Violet,,,399,5599,<p>Baybee Misura Ride on Magic Swing Cars for Kids with PU Led Wheels</p>,https://cdn.shopify.com/s/files/1/0828/1908/8689/products/1_cadbf021-e4b1-484c-9fa2-d8a3b3463213.jpg?v=1694509611
,Green,,,399,5599,,https://cdn.shopify.com/s/files/1/0828/1908/8689/products/2_44b75595-9cc8-4a94-8f31-5c5aa9632536.jpg?v=1694509611
,Yellow,,,399,5599,,https://cdn.shopify.com/s/files/1/0828/1908/8689/products/3_d2a5d2dc-a56d-4882-9efe-25dac5eec9a0.jpg?v=1694509611
,Blue,,,399,5599,,https://cdn.shopify.com/s/files/1/0828/1908/8689/products/4_edd2a007-fd8c-48a4-b82c-1cc735b91045.jpg?v=1694509611
,,,,,,,https://cdn.shopify.com/s/files/1/0828/1908/8689/products/5_e46d13a1-caa9-41fa-a3d7-3940af44209d.jpg?v=1694509611
,,,,,,,https://cdn.shopify.com/s/files/1/0828/1908/8689/products/6_bfb37b49-98bd-4667-b499-42e241080380.jpg?v=1694509611
,,,,,,,https://cdn.shopify.com/s/files/1/0828/1908/8689/products/7_3b28e75d-1d01-400b-955c-60849c634f7d.jpg?v=1694509612
,,,,,,,https://cdn.shopify.com/s/files/1/0828/1908/8689/products/1_a209ce2c-cbf4-4b6f-8270-8d0a2f696455.jpg?v=1694509612
,,,,,,,https://cdn.shopify.com/s/files/1/0828/1908/8689/products/2_63fff941-c3b9-4476-9e32-d89763031816.jpg?v=1694509612
,,,,,,,https://cdn.shopify.com/s/files/1/0828/1908/8689/products/3_7cc93eab-3d49-438e-87c4-befbf35f51ec.jpg?v=1694509612
,,,,,,,https://cdn.shopify.com/s/files/1/0828/1908/8689/products/4_e69ef25f-cc92-4c1d-ba50-ce6fc764ec1b.jpg?v=1694509612
,,,,,,,https://cdn.shopify.com/s/files/1/0828/1908/8689/products/5_378139ac-19ef-41e4-b968-a3a3f9ef9244.jpg?v=1694509612
,,,,,,,https://cdn.shopify.com/s/files/1/0828/1908/8689/products/6_95ab8237-4452-4130-89a5-043038e3ad39.jpg?v=1694509612
,,,,,,,https://cdn.shopify.com/s/files/1/0828/1908/8689/products/7_65cfe77b-aecd-478b-aeea-4ecda70739d5.jpg?v=1694509612
,,,,,,,https://cdn.shopify.com/s/files/1/0828/1908/8689/products/3_cfd134e3-a3c4-4dd3-ac91-3257fd1a3b7f.jpg?v=1694509612
,,,,,,,https://cdn.shopify.com/s/files/1/0828/1908/8689/products/1_6ae14c37-d7d8-42b1-a1db-a2c3376ae91b.jpg?v=1694509612
,,,,,,,https://cdn.shopify.com/s/files/1/0828/1908/8689/products/2_6d559f84-2925-4d9d-846d-5d0bd18f3667.jpg?v=1694509612
,,,,,,,https://cdn.shopify.com/s/files/1/0828/1908/8689/products/4_e09314bf-7633-48f1-8646-2768b057443b.jpg?v=1694509612
,,,,,,,https://cdn.shopify.com/s/files/1/0828/1908/8689/products/5_647ece0d-3f39-40d4-9869-4a28e63f50e6.jpg?v=1694509612
,,,,,,,https://cdn.shopify.com/s/files/1/0828/1908/8689/products/6_44bf6cd2-e5a5-4ae9-b0e8-12690596097e.jpg?v=1694509612
,,,,,,,https://cdn.shopify.com/s/files/1/0828/1908/8689/products/7_4af4de2c-eb51-465a-94e9-7f4343fe8bbc.jpg?v=1694509612
,,,,,,,https://cdn.shopify.com/s/files/1/0828/1908/8689/products/1_cee42381-396f-424c-aa56-f144c2eb8d8a.jpg?v=1694509612
,,,,,,,https://cdn.shopify.com/s/files/1/0828/1908/8689/products/2_e56f75f0-8ddb-4da7-b7f0-7f75e3ec88e8.jpg?v=1694509612
,,,,,,,https://cdn.shopify.com/s/files/1/0828/1908/8689/products/3_0f3ac1cb-4c75-44c2-9d87-7ba0a8a4321e.jpg?v=1694509612
,,,,,,,https://cdn.shopify.com/s/files/1/0828/1908/8689/products/4_7e459c34-bc86-4b76-a083-d67413ea4e6a.jpg?v=1694509612
,,,,,,,https://cdn.shopify.com/s/files/1/0828/1908/8689/products/5_4f0df024-7af1-4211-85bd-51103eacd3ac.jpg?v=1694509612
,,,,,,,https://cdn.shopify.com/s/files/1/0828/1908/8689/products/6_ef39e131-5527-4aa8-8235-fc9cfec54bc5.jpg?v=1694509612
,,,,,,,https://cdn.shopify.com/s/files/1/0828/1908/8689/products/7_384ab712-8268-4816-99ed-7b8419c0abc5.jpg?v=1694509612
